"database_id","scientificName","family","subfamily","genus","subgenus","subspecies","species","specificEpithet","infraspecificEpithet","acceptedNameUsage","taxonRank","scientificNameAuthorship","identificationQualifier","higherClassification","identificationReferences","typeStatus","previousIdentifications","verbatimIdentification","identifiedBy","dateIdentified","decimalLatitude","decimalLongitude","stateProvince","continent","locality","island","county","municipality","level0Gid","level0Name","level1Gid","level1Name","license","issue","eventDate","eventTime","day","month","year","basisOfRecord","country","type","occurrenceStatus","recordNumber","recordedBy","eventID","Location","samplingProtocol","samplingEffort","individualCount","organismQuantity","coordinatePrecision","coordinateUncertaintyInMeters","spatiallyValid","catalogNumber","gbifID","datasetID","institutionCode","datasetName","otherCatalogNumbers","occurrenceID","taxonKey","coreid","recordId","collectionID","verbatimScientificName","verbatimEventDate","associatedTaxa","associatedOrganisms","fieldNotes","sex","rights","rightsHolder","accessRights","associatedReferences","bibliographicCitation","references","informationWithheld","isDuplicateOf","hasCoordinate","hasGeospatialIssues","assertions","occurrenceYear","id","duplicateStatus","associatedOccurrences","locationRemarks","dataSource","verbatim_scientificName",".scientificName_empty",".coordinates_empty",".coordinates_outOfRange",".basisOfRecords_notStandard","country_suggested","countryCode","coordinates_transposed",".coordinates_country_inconsistent",".occurrenceAbsent",".unLicensed",".GBIFflags",".uncer_terms","names_clean",".invalidName",".rou",".equ",".zer",".cap",".cen",".gbf",".inst",".sequential",".lonFlag",".latFlag",".gridSummary",".uncertaintyThreshold","countryMatch",".countryOutlier",".summary",".eventDate_empty",".year_outOfRange",".duplicates"
"Paige_data_1134873","Centris rhodopus Cockerell, 1897","Apidae","Apinae","Centris",NA,NA,"Centris rhodopus","rhodopus",NA,NA,"SPECIES","Cockerell, 1897",NA,NA,NA,NA,NA,NA,NA,NA,36.16361,-115.5053,"Nevada",NA,"Red Rock Canyon, Spring Mountains",NA,"Clark Co.",NA,"USA","United States","USA.29_1","Nevada","CC_BY_4_0","OCCURRENCE_STATUS_INFERRED_FROM_INDIVIDUAL_COUNT;GEODETIC_DATUM_ASSUMED_WGS84;INSTITUTION_MATCH_FUZZY;COLLECTION_MATCH_NONE","1990/06/13 00:00:00",NA,13,6,1990,"PRESERVED_SPECIMEN","United states",NA,"PRESENT",NA,"J. G. Rozen",NA,NA,"Netting",NA,1,NA,NA,NA,NA,"AMNH_BEE 00036920",2804568262,NA,"AMNH","AMNH Hymenoptera",NA,"83a95926-d8e1-11e2-99a2-0026552be7ea",1342875,NA,NA,NA,"Centris rhodopus","6/13/1990",NA,NA,NA,"MALE",NA,"American Museum of Natural History",NA,NA,NA,NA,NA,NA,TRUE,FALSE,NA,NA,NA,"Kept duplicate",NA,NA,"GBIF_Apidae",NA,TRUE,TRUE,TRUE,TRUE,"United states","US",TRUE,TRUE,TRUE,TRUE,TRUE,TRUE,"Centris rhodopus",TRUE,TRUE,TRUE,TRUE,TRUE,TRUE,TRUE,TRUE,TRUE,TRUE,TRUE,TRUE,NA,"exact",TRUE,TRUE,TRUE,TRUE,TRUE
"Paige_data_2097724","Perdita octomaculata (Say, 1824)","Andrenidae","Panurginae","Perdita",NA,NA,"Perdita octomaculata","octomaculata",NA,NA,"SUBSPECIES","(Say, 1824)",NA,NA,NA,NA,NA,NA,NA,NA,35.43083,-83.4475,"North Carolina",NA,"Bryson City",NA,"Swain Co.",NA,"USA","United States","USA.34_1","North Carolina","CC_BY_4_0","OCCURRENCE_STATUS_INFERRED_FROM_INDIVIDUAL_COUNT;GEODETIC_DATUM_ASSUMED_WGS84;INSTITUTION_MATCH_FUZZY;COLLECTION_MATCH_NONE","1923/09/25 00:00:00",NA,25,9,1923,"PRESERVED_SPECIMEN","United states",NA,"PRESENT",NA,"J. C. Crawford",NA,NA,"Netting",NA,1,NA,NA,NA,NA,"AMNH_BEE 00141140",2804622233,NA,"AMNH","AMNH Hymenoptera",NA,"854ea7ae-d8e1-11e2-99a2-0026552be7ea",8944379,NA,NA,NA,"Perdita octomaculata","9/25/1923",NA,"Aster L. : Asteraceae : Asterales",NA,NA,NA,"American Museum of Natural History",NA,NA,NA,NA,NA,NA,TRUE,FALSE,NA,NA,NA,"Kept duplicate","associated with",NA,"GBIF_Andrenidae",NA,TRUE,TRUE,TRUE,TRUE,"United states","US",TRUE,TRUE,TRUE,TRUE,TRUE,TRUE,"Perdita octomaculata",TRUE,TRUE,TRUE,TRUE,TRUE,TRUE,TRUE,TRUE,TRUE,TRUE,TRUE,TRUE,NA,"exact",TRUE,FALSE,TRUE,FALSE,TRUE
"Paige_data_15900","Agapostemon tyleri Cockerell, 1917","Halictidae","Halictinae","Agapostemon",NA,NA,"Agapostemon tyleri","tyleri",NA,NA,"SPECIES","Cockerell, 1917",NA,NA,NA,NA,NA,NA,NA,NA,31.93406,-109.1167,"Arizona",NA,"2 mi NE of Portal",NA,"Cochise Co.",NA,"USA","United States","USA.3_1","Arizona","CC_BY_4_0","OCCURRENCE_STATUS_INFERRED_FROM_INDIVIDUAL_COUNT;GEODETIC_DATUM_ASSUMED_WGS84;INSTITUTION_MATCH_FUZZY;COLLECTION_MATCH_NONE","1959/01/01 00:00:00",NA,NA,1,1959,"PRESERVED_SPECIMEN","United states",NA,"PRESENT",NA,"M. Statham",NA,NA,"Netting",NA,1,NA,NA,NA,NA,"AMNH_BEE 00178164",2804785742,NA,"AMNH","AMNH Hymenoptera",NA,"85c79006-d8e1-11e2-99a2-0026552be7ea",5042873,NA,NA,NA,"Agapostemon tyleri","8/1/1959",NA,NA,NA,"MALE",NA,"American Museum of Natural History",NA,NA,NA,NA,NA,NA,TRUE,FALSE,NA,NA,NA,"Kept duplicate",NA,NA,"GBIF_Halictidae",NA,TRUE,TRUE,TRUE,TRUE,"United states","US",TRUE,TRUE,TRUE,TRUE,TRUE,TRUE,"Agapostemon tyleri",TRUE,TRUE,TRUE,TRUE,TRUE,TRUE,TRUE,TRUE,TRUE,TRUE,TRUE,TRUE,NA,"exact",TRUE,TRUE,TRUE,TRUE,TRUE
"Paige_data_2098337","Perdita octomaculata (Say, 1824)","Andrenidae","Panurginae","Perdita",NA,NA,"Perdita octomaculata","octomaculata",NA,NA,"SUBSPECIES","(Say, 1824)",NA,NA,NA,NA,NA,NA,NA,NA,42.79722,-73.82889,"New York",NA,"Vischer Ferry",NA,"Saratoga Co.",NA,"USA","United States","USA.33_1","New York","CC_BY_4_0","OCCURRENCE_STATUS_INFERRED_FROM_INDIVIDUAL_COUNT;GEODETIC_DATUM_ASSUMED_WGS84;INSTITUTION_MATCH_FUZZY;COLLECTION_MATCH_NONE","1982/06/01 00:00:00",NA,NA,6,1982,"PRESERVED_SPECIMEN","United states",NA,"PRESENT",NA,"J. G. Rozen",NA,NA,"Netting",NA,1,NA,NA,NA,NA,"AMNH_BEE 00266809",2804673646,NA,"AMNH","AMNH Hymenoptera",NA,"b4d2be30-40e1-11e3-935e-0026552be7ea",8944379,NA,NA,NA,"Perdita octomaculata","8/6/1982",NA,NA,NA,"MALE",NA,"American Museum of Natural History",NA,NA,NA,NA,NA,NA,TRUE,FALSE,NA,NA,NA,"Kept duplicate",NA,NA,"GBIF_Andrenidae",NA,TRUE,TRUE,TRUE,TRUE,"United states","US",TRUE,TRUE,TRUE,TRUE,TRUE,TRUE,"Perdita octomaculata",TRUE,TRUE,TRUE,TRUE,TRUE,TRUE,TRUE,TRUE,TRUE,TRUE,TRUE,TRUE,NA,"exact",TRUE,TRUE,TRUE,TRUE,TRUE
"Paige_data_1134719","Centris rhodopus Cockerell, 1897","Apidae","Apinae","Centris",NA,NA,"Centris rhodopus","rhodopus",NA,NA,"SPECIES","Cockerell, 1897",NA,"Animalia; Arthropoda; Hexapoda; Insecta; Pterygota; Endopterygota; Hymenoptera; Apocrita; Apoidea; Apidae",NA,NA,"Centris rhodopus",NA,NA,NA,33.56085,-116.0589,"California","NORTH_AMERICA","Mecca",NA,"Riverside County",NA,"USA","United States","USA.5_1","California","CC0_1_0","OCCURRENCE_STATUS_INFERRED_FROM_INDIVIDUAL_COUNT;COORDINATE_ROUNDED;INSTITUTION_MATCH_FUZZY","1942/09/20 00:00:00",NA,20,9,1942,"PRESERVED_SPECIMEN","United states",NA,"PRESENT",NA,"Charles L. Remington",NA,NA,NA,NA,1,NA,NA,6490,NA,"YPM ENT 704587",1039083078,"0","YPM",NA,NA,"urn:uuid:51a7ccc7-b39c-4c5d-baf0-314d2008bcf0",1342875,NA,NA,NA,"Centris rhodopus",NA,NA,NA,NA,NA,NA,"Yale Peabody Museum of Natural History","Open Access, http://creativecommons.org/publicdomain/zero/1.0/; see Yale Peabody policies at: http://hdl.handle.net/10079/8931zqj",NA,"Centris rhodopus (YPM ENT 704587)","http://collections.peabody.yale.edu/search/Record/YPM-ENT-704587",NA,NA,TRUE,FALSE,NA,NA,NA,"Kept duplicate",NA,NA,"GBIF_Apidae",NA,TRUE,TRUE,TRUE,TRUE,"United states","US",TRUE,TRUE,TRUE,TRUE,TRUE,TRUE,"Centris rhodopus",TRUE,TRUE,TRUE,TRUE,TRUE,TRUE,TRUE,TRUE,TRUE,TRUE,TRUE,TRUE,FALSE,"exact",TRUE,FALSE,TRUE,FALSE,TRUE
"Paige_data_1134834","Centris rhodopus Cockerell, 1897","Apidae","Apinae","Centris",NA,NA,"Centris rhodopus","rhodopus",NA,NA,"SPECIES","Cockerell, 1897",NA,NA,NA,NA,NA,NA,NA,NA,34.10732,-115.6701,"California",NA,"Dale Dry Lake, SE, 21 mi E of Twentynine Palms",NA,"SanBernardino",NA,"USA","United States","USA.5_1","California","CC_BY_4_0","GEODETIC_DATUM_ASSUMED_WGS84;INSTITUTION_MATCH_NONE","1987/09/27 00:00:00",NA,27,9,1987,"PRESERVED_SPECIMEN","United states",NA,"PRESENT",NA,"T.L. Griswold",NA,NA,NA,NA,NA,NA,NA,NA,NA,"103411",658711789,NA,"USDA-ARS",NA,NA,"658711789",1342875,NA,NA,NA,"Centris rhodopus",NA,NA,NA,NA,NA,NA,NA,NA,NA,NA,NA,NA,NA,TRUE,FALSE,NA,NA,NA,"Kept duplicate",NA,NA,"GBIF_Apidae",NA,TRUE,TRUE,TRUE,TRUE,"United states","US",TRUE,TRUE,TRUE,TRUE,TRUE,TRUE,"Centris rhodopus",TRUE,TRUE,TRUE,TRUE,TRUE,TRUE,TRUE,TRUE,TRUE,TRUE,TRUE,TRUE,NA,"exact",TRUE,TRUE,TRUE,TRUE,TRUE
"Paige_data_1135854","Centris rhodopus Cockerell, 1897","Apidae","Apinae","Centris",NA,NA,"Centris rhodopus","rhodopus",NA,NA,"SPECIES","Cockerell, 1897",NA,NA,NA,NA,NA,NA,NA,NA,35.02,-114.83,"California",NA,"Searchlight, 30 mi S",NA,"SanBernardino",NA,"USA","United States","USA.5_1","California","CC_BY_4_0","GEODETIC_DATUM_ASSUMED_WGS84;INSTITUTION_MATCH_NONE","1966/04/26 00:00:00",NA,26,4,1966,"PRESERVED_SPECIMEN","United states",NA,"PRESENT",NA,"P.F. Torchio, R.W. Rust, N. Youssef",NA,NA,NA,NA,NA,NA,NA,NA,NA,"103385",658712413,NA,"USDA-ARS",NA,NA,"658712413",1342875,NA,NA,NA,"Centris rhodopus",NA,NA,NA,NA,NA,NA,NA,NA,NA,NA,NA,NA,NA,TRUE,FALSE,NA,NA,NA,"Kept duplicate",NA,NA,"GBIF_Apidae",NA,TRUE,TRUE,TRUE,TRUE,"United states","US",TRUE,TRUE,TRUE,TRUE,TRUE,TRUE,"Centris rhodopus",TRUE,TRUE,TRUE,TRUE,TRUE,TRUE,TRUE,TRUE,TRUE,TRUE,TRUE,TRUE,NA,"exact",TRUE,TRUE,TRUE,TRUE,TRUE
"Paige_data_1135520","Centris rhodopus Cockerell, 1897","Apidae","Apinae","Centris",NA,NA,"Centris rhodopus","rhodopus",NA,NA,"SPECIES","Cockerell, 1897",NA,NA,NA,NA,NA,NA,"O.J. Messinger 1999",NA,36.2152,-115.0136,"Nevada",NA,"withheld",NA,"Clark",NA,"USA","United States","USA.3_1","Arizona","CC_BY_4_0","RECORDED_DATE_INVALID;GEODETIC_DATUM_ASSUMED_WGS84;INSTITUTION_MATCH_NONE",NA,NA,NA,NA,NA,"PRESERVED_SPECIMEN","United states",NA,"PRESENT",NA,"M. Andres, C. Schultz",NA,NA,NA,NA,NA,NA,NA,NA,NA,"BBSL297745",658711674,NA,"USDA-ARS",NA,NA,"658711674",1342875,NA,NA,NA,"Centris rhodopus",NA,NA,NA,NA,NA,NA,NA,NA,NA,NA,NA,NA,NA,TRUE,FALSE,NA,NA,NA,"Kept duplicate",NA,NA,"GBIF_Apidae",NA,TRUE,TRUE,TRUE,TRUE,"United states","US",TRUE,TRUE,TRUE,TRUE,TRUE,TRUE,"Centris rhodopus",TRUE,TRUE,TRUE,TRUE,TRUE,TRUE,TRUE,TRUE,TRUE,TRUE,TRUE,TRUE,NA,"exact",TRUE,FALSE,FALSE,TRUE,TRUE
"Paige_data_1135470","Centris rhodopus Cockerell, 1897","Apidae","Apinae","Centris",NA,NA,"Centris rhodopus","rhodopus",NA,NA,"SPECIES","Cockerell, 1897",NA,NA,NA,NA,NA,NA,NA,NA,34.88281,-115.7223,"California",NA,"Kelso Dunes, 3km SW",NA,"SanBernardino",NA,"USA","United States","USA.5_1","California","CC_BY_4_0","GEODETIC_DATUM_ASSUMED_WGS84;INSTITUTION_MATCH_NONE","1995/05/09 00:00:00",NA,9,5,1995,"PRESERVED_SPECIMEN","United states",NA,"PRESENT",NA,"L. Kervin",NA,NA,NA,NA,NA,NA,NA,NA,NA,"BBSL605952",658712163,NA,"USDA-ARS",NA,NA,"658712163",1342875,NA,NA,NA,"Centris rhodopus",NA,NA,NA,NA,NA,NA,NA,NA,NA,NA,NA,NA,NA,TRUE,FALSE,NA,NA,NA,"Kept duplicate",NA,NA,"GBIF_Apidae",NA,TRUE,TRUE,TRUE,TRUE,"United states","US",TRUE,TRUE,TRUE,TRUE,TRUE,TRUE,"Centris rhodopus",TRUE,TRUE,TRUE,TRUE,TRUE,TRUE,TRUE,TRUE,TRUE,TRUE,TRUE,TRUE,NA,"exact",TRUE,TRUE,TRUE,TRUE,TRUE
"Paige_data_1135028","Centris rhodopus Cockerell, 1897","Apidae","Apinae","Centris",NA,NA,"Centris rhodopus","rhodopus",NA,NA,"SPECIES","Cockerell, 1897",NA,NA,NA,NA,NA,NA,NA,NA,36.88,-113.92,"Arizona",NA,"Littlefield",NA,"Mohave",NA,"USA","United States","USA.3_1","Arizona","CC_BY_4_0","GEODETIC_DATUM_ASSUMED_WGS84;INSTITUTION_MATCH_NONE","1983/05/11 00:00:00",NA,11,5,1983,"PRESERVED_SPECIMEN","United states",NA,"PRESENT",NA,"F.D. & J.H. Parker",NA,NA,NA,NA,NA,NA,NA,NA,NA,"103347",658712221,NA,"USDA-ARS",NA,NA,"658712221",1342875,NA,NA,NA,"Centris rhodopus",NA,NA,NA,NA,NA,NA,NA,NA,NA,NA,NA,NA,NA,TRUE,FALSE,NA,NA,NA,"Kept duplicate",NA,NA,"GBIF_Apidae",NA,TRUE,TRUE,TRUE,TRUE,"United states","US",TRUE,TRUE,TRUE,TRUE,TRUE,TRUE,"Centris rhodopus",TRUE,TRUE,TRUE,TRUE,TRUE,TRUE,TRUE,TRUE,TRUE,TRUE,TRUE,TRUE,NA,"exact",TRUE,TRUE,TRUE,TRUE,TRUE
"Paige_data_1135659","Centris rhodopus Cockerell, 1897","Apidae","Apinae","Centris",NA,NA,"Centris rhodopus","rhodopus",NA,NA,"SPECIES","Cockerell, 1897",NA,NA,NA,NA,NA,NA,"S.M. Higbee 2004",NA,36.2152,-115.0136,"Nevada",NA,"withheld",NA,"Clark",NA,"USA","United States","USA.29_1","Nevada","CC_BY_4_0","RECORDED_DATE_INVALID;GEODETIC_DATUM_ASSUMED_WGS84;INSTITUTION_MATCH_NONE",NA,NA,NA,NA,NA,"PRESERVED_SPECIMEN","United states",NA,"PRESENT",NA,"S.M. Higbee",NA,NA,NA,NA,NA,NA,NA,NA,NA,"BBSL531254",658712527,NA,"USDA-ARS",NA,NA,"658712527",1342875,NA,NA,NA,"Centris rhodopus",NA,NA,NA,NA,NA,NA,NA,NA,NA,NA,NA,NA,NA,TRUE,FALSE,NA,NA,NA,"Kept duplicate",NA,NA,"GBIF_Apidae",NA,TRUE,TRUE,TRUE,TRUE,"United states","US",TRUE,TRUE,TRUE,TRUE,TRUE,TRUE,"Centris rhodopus",TRUE,TRUE,TRUE,TRUE,TRUE,TRUE,TRUE,TRUE,TRUE,TRUE,TRUE,TRUE,NA,"exact",TRUE,FALSE,FALSE,TRUE,TRUE
"Paige_data_1135034","Centris rhodopus Cockerell, 1897","Apidae","Apinae","Centris",NA,NA,"Centris rhodopus","rhodopus",NA,"Centris (Paracentris)  rhodopus","SPECIES","Cockerell, 1897",NA,"Animalia; Arthropoda; Insecta; Hymenoptera; Apidae; Centris",NA,NA,NA,NA,"Ismael A. Hinojosa Díaz",NA,26.72222,-103.6831,"Chihuahua",NA,"Presón Dos Amigos, Reserva de la Biósfera Mapimí",NA,"JIMENEZ",NA,"MEX","Mexico","MEX.7_1","Coahuila","CC_BY_4_0","TYPE_STATUS_INVALID;OCCURRENCE_STATUS_INFERRED_FROM_INDIVIDUAL_COUNT;COORDINATE_ROUNDED;GEODETIC_DATUM_ASSUMED_WGS84;GEODETIC_DATUM_INVALID;ELEVATION_MIN_MAX_SWAPPED;INSTITUTION_MATCH_NONE","1994/09/28 00:00:00","00:00:00",28,9,1994,"PRESERVED_SPECIMEN","Mexico","Event","PRESENT",NA,"Rocío López Mendoza",NA,NA,NA,NA,1,NA,NA,50,NA,"17626",1418493950,"74e7cf6b8bfd74cadf7cbc54ae7094cb","FC-UNAM","Computarización de la colección de abejas (Hymenoptera: Apoidea) del Museo de Zoología Alfonso L. Herrera, de la Facultad de Ciencias de la UNAM",NA,"urn:catalog:FC-UNAM:MZFC:17626:74e7cf6b8bfd74cadf7cbc54ae7094cb",1342875,NA,NA,"4221","Centris rhodopus",NA,NA,NA,NA,NA,NA,"Comisión Nacional para el Conocimiento y Uso de la Biodiversidad (CONABIO)",NA,NA,"Luis-Martínez M. A. 2001. Computarización de la colección de abejas (Hymenoptera: Apoidea) del Museo de Zoología Alfonso L. Herrera, de la Facultad de Ciencias de la UNAM. Colección Entomológica MZFC. Facultad de Ciencias. Universidad Nacional Autónoma de México. Bases de datos SNIB-CONABIO, proyecto Q035. México, D. F.",NA,NA,NA,TRUE,FALSE,NA,NA,NA,"Kept duplicate",NA,NA,"GBIF_Apidae",NA,TRUE,TRUE,TRUE,TRUE,"Mexico","MX",TRUE,TRUE,TRUE,TRUE,TRUE,TRUE,"Centris rhodopus",TRUE,TRUE,TRUE,TRUE,TRUE,TRUE,TRUE,TRUE,TRUE,TRUE,TRUE,TRUE,TRUE,"exact",TRUE,TRUE,TRUE,TRUE,TRUE
"Paige_data_1135280","Centris rhodopus Cockerell, 1897","Apidae","Apinae","Centris",NA,NA,"Centris rhodopus","rhodopus",NA,NA,"SPECIES","Cockerell, 1897",NA,"Animalia|Arthropoda|Hexapoda|Insecta|Pterygota|Neoptera|Hymenoptera|Apocrita|Aculeata|Apoidea|Apidae|Apinae|Centridini|Centris",NA,NA,NA,NA,"R.R. Snelling","1994-01-01T00:00:00",30.94489,-114.748,"Baja California",NA,"9 mi. S of San Felipe",NA,NA,"Mexicali Municipality","MEX","Mexico","MEX.3_1","Baja California","CC0_1_0","INSTITUTION_MATCH_FUZZY;COLLECTION_MATCH_FUZZY","1968/06/10 00:00:00",NA,10,6,1968,"PRESERVED_SPECIMEN","Mexico",NA,"PRESENT",NA,"N. Leppla; J. Bigelow, Mont A. Cazier, J. Davidson",NA,NA,NA,NA,NA,NA,NA,3000,NA,"ASUHIC0084160",1455643506,NA,"ASU",NA,NA,"b1fd76e6-d208-43cc-9bec-d532e3fcd1f5",1342875,NA,NA,"71ca74c2-208d-4784-998f-6f7ecc6ec090","Centris rhodopus",NA,NA,NA,NA,"FEMALE","http://creativecommons.org/publicdomain/zero/1.0/",NA,NA,NA,NA,"https://serv.biokic.asu.edu/ecdysis/collections/individual/index.php?occid=352594",NA,NA,TRUE,FALSE,NA,NA,NA,"Duplicate",NA,NA,"GBIF_Apidae",NA,TRUE,TRUE,TRUE,TRUE,"Mexico","MX",TRUE,TRUE,TRUE,TRUE,TRUE,TRUE,"Centris rhodopus",TRUE,TRUE,TRUE,TRUE,TRUE,TRUE,TRUE,TRUE,TRUE,TRUE,TRUE,TRUE,FALSE,"exact",TRUE,TRUE,TRUE,TRUE,FALSE
"Paige_data_1135681","Centris rhodopus Cockerell, 1897","Apidae","Apinae","Centris",NA,NA,"Centris rhodopus","rhodopus",NA,NA,"SPECIES","Cockerell, 1897",NA,"Animalia|Arthropoda|Hexapoda|Insecta|Pterygota|Neoptera|Hymenoptera|Apocrita|Aculeata|Apoidea|Apidae|Apinae|Centridini|Centris",NA,NA,NA,NA,"R.R. Snelling","1994-01-01T00:00:00",31.80888,-109.0441,"New Mexico",NA,"2 mi. W of Rodeo",NA,"Hidalgo County",NA,"USA","United States","USA.32_1","New Mexico","CC0_1_0","INSTITUTION_MATCH_FUZZY;COLLECTION_MATCH_FUZZY","1965/07/07 00:00:00",NA,7,7,1965,"PRESERVED_SPECIMEN","United states",NA,"PRESENT",NA,"J.H. Davidson; J.M. Davidson, M.A. Cazier",NA,NA,NA,NA,NA,NA,NA,1500,NA,"ASUHIC0084108",1455643433,NA,"ASU",NA,NA,"65ca4248-4170-42b2-9e8c-0d9851a53888",1342875,NA,NA,"71ca74c2-208d-4784-998f-6f7ecc6ec090","Centris rhodopus",NA,NA,NA,NA,"MALE","http://creativecommons.org/publicdomain/zero/1.0/",NA,NA,NA,NA,"https://serv.biokic.asu.edu/ecdysis/collections/individual/index.php?occid=352537",NA,NA,TRUE,FALSE,NA,NA,NA,"Duplicate",NA,NA,"GBIF_Apidae",NA,TRUE,TRUE,TRUE,TRUE,"United states","US",TRUE,TRUE,TRUE,TRUE,TRUE,TRUE,"Centris rhodopus",TRUE,TRUE,TRUE,TRUE,TRUE,TRUE,TRUE,TRUE,TRUE,TRUE,TRUE,TRUE,FALSE,"exact",TRUE,TRUE,TRUE,TRUE,FALSE
"Paige_data_1135592","Centris rhodopus Cockerell, 1897","Apidae","Apinae","Centris",NA,NA,"Centris rhodopus","rhodopus",NA,NA,"SPECIES","Cockerell, 1897",NA,NA,NA,NA,NA,NA,"Snelling, Roy","1951-01-01T00:00:00",35.24944,-112.1903,"Arizona","NORTH_AMERICA","Bill Williams Fork",NA,"Mohave",NA,"USA","United States","USA.3_1","Arizona","CC_BY_4_0","GEODETIC_DATUM_ASSUMED_WGS84;COLLECTION_MATCH_FUZZY",NA,NA,NA,NA,NA,"PRESERVED_SPECIMEN","United states",NA,"PRESENT",NA,"Snow, Francis",NA,NA,NA,NA,NA,NA,NA,NA,NA,"559430",658232622,NA,"KU","Snow Entomological Museum Collection",NA,"3a169891-1ed6-11e3-bfac-90b11c41863e",1342875,NA,NA,NA,"Centris rhodopus",NA,NA,NA,NA,NA,NA,NA,"http://biodiversity.ku.edu/research/university-kansas-biodiversity-institute-data-publication-and-use-norms",NA,NA,NA,NA,NA,TRUE,FALSE,NA,NA,NA,"Kept duplicate",NA,NA,"GBIF_Apidae",NA,TRUE,TRUE,TRUE,TRUE,"United states","US",TRUE,TRUE,TRUE,TRUE,TRUE,TRUE,"Centris rhodopus",TRUE,TRUE,TRUE,TRUE,TRUE,TRUE,TRUE,TRUE,TRUE,TRUE,TRUE,TRUE,NA,"exact",TRUE,FALSE,FALSE,TRUE,TRUE
"Paige_data_16196","Agapostemon tyleri Cockerell, 1917","Halictidae","Halictinae","Agapostemon",NA,NA,"Agapostemon tyleri","tyleri",NA,"Agapostemon tyleri","SPECIES","Cockerell, 1917",NA,"Animalia; Arthropoda; Insecta; Hymenoptera; Halictidae; Agapostemon",NA,NA,NA,NA,"L. Ramírez-Freire",NA,24.91804,-100.727,"Nuevo leon",NA,"Llano de la Soledad",NA,"GALEANA",NA,"MEX","Mexico","MEX.19_1","Nuevo León","CC_BY_4_0","TYPE_STATUS_INVALID;OCCURRENCE_STATUS_INFERRED_FROM_INDIVIDUAL_COUNT;COORDINATE_ROUNDED;ELEVATION_MIN_MAX_SWAPPED;INSTITUTION_MATCH_NONE","2013/06/01 00:00:00",NA,1,6,2013,"PRESERVED_SPECIMEN","Mexico","Event","PRESENT",NA,"L. Ramírez-Freire; C. Velazco M.",NA,NA,NA,NA,1,NA,NA,NA,NA,"UANL-APO-628",1895033362,"2efa8bfe59dcdd82404e0d2e99ea5f79","FCB-UANL","Abejas silvestres (Hymenoptera: Apoidea) de la región Praderas de Tokio-El Potosí - Sierra Mazmorras - Cañón de Iturbide, Coahuila y Nuevo León, México",NA,"urn:catalog:FCB-UANL:UANL:UANL-APO-628:2efa8bfe59dcdd82404e0d2e99ea5f79",5042873,NA,NA,"191","Agapostemon tyleri",NA,"Mutualismo: Agapostemon tyleri; Mutualismo: Agave scabra",NA,NA,"FEMALE",NA,"Comisión Nacional para el Conocimiento y Uso de la Biodiversidad (CONABIO)",NA,NA,"Ramírez-Freire L. y H. Quiroz-Martínez H. 2016. Abejas silvestres (Hymenoptera: Apoidea) de la región Praderas de Tokio-El Potosí - Sierra Mazmorras - Cañón de Iturbide, Coahuila y Nuevo León, México. Facultad de Ciencias Biológicas. Universidad Autónoma de Nuevo León. Bases de datos SNIB-CONABIO, proyecto JF185. Ciudad de México",NA,NA,NA,TRUE,FALSE,NA,NA,NA,"Kept duplicate",NA,NA,"GBIF_Halictidae",NA,TRUE,TRUE,TRUE,TRUE,"Mexico","MX",TRUE,TRUE,TRUE,TRUE,TRUE,TRUE,"Agapostemon tyleri",TRUE,TRUE,TRUE,TRUE,TRUE,TRUE,TRUE,TRUE,TRUE,TRUE,TRUE,TRUE,NA,"exact",TRUE,TRUE,TRUE,TRUE,TRUE
"Paige_data_16175","Agapostemon tyleri Cockerell, 1917","Halictidae","Halictinae","Agapostemon",NA,NA,"Agapostemon tyleri","tyleri",NA,NA,"SPECIES","Cockerell, 1917",NA,NA,NA,NA,NA,NA,"Robert L. Minckley",NA,31.33423,-109.2367,"Arizona",NA,"30 km east of Douglas (San Bernardino National Wildlife Refuge)",NA,"Cochise County",NA,"USA","United States","USA.3_1","Arizona","CC_BY_NC_4_0","GEODETIC_DATUM_ASSUMED_WGS84;INSTITUTION_MATCH_NONE","2007/07/22 00:00:00",NA,22,7,2007,"PRESERVED_SPECIMEN","United states",NA,"PRESENT",NA,"N.M. Williams",NA,NA,"white pan trap",NA,NA,NA,NA,NA,NA,"SBV075069",2847337459,NA,"RLMC",NA,NA,"43ee6152-6ab6-4ad6-bd1f-d59b772ee1d3",5042873,NA,NA,"43c894af-a05d-4c92-833c-83e1ebd68701","Agapostemon tyleri","22-Jul-07",NA,NA,NA,"MALE","http://creativecommons.org/licenses/by-nc/4.0/","Robert Minckley",NA,NA,NA,"https://scan-bugs.org:443/portal/collections/individual/index.php?occid=43960072",NA,NA,TRUE,FALSE,NA,NA,NA,"Kept duplicate",NA,NA,"GBIF_Halictidae",NA,TRUE,TRUE,TRUE,TRUE,"United states","US",TRUE,TRUE,TRUE,TRUE,TRUE,TRUE,"Agapostemon tyleri",TRUE,TRUE,TRUE,TRUE,TRUE,TRUE,TRUE,TRUE,TRUE,TRUE,TRUE,TRUE,NA,"exact",TRUE,TRUE,TRUE,TRUE,TRUE
"Paige_data_15542","Agapostemon tyleri Cockerell, 1917","Halictidae","Halictinae","Agapostemon",NA,NA,"Agapostemon tyleri","tyleri",NA,NA,"SPECIES","Cockerell, 1917",NA,NA,NA,NA,NA,NA,"S.J. Burrows 2013",NA,32.47146,-104.3045,"New Mexico",NA,"withheld",NA,"Eddy",NA,"USA","United States","USA.44_1","Texas","CC_BY_4_0","RECORDED_DATE_INVALID;GEODETIC_DATUM_ASSUMED_WGS84;INSTITUTION_MATCH_NONE",NA,NA,NA,NA,NA,"PRESERVED_SPECIMEN","United states",NA,"PRESENT",NA,"J.D. Herndon",NA,NA,NA,NA,NA,NA,NA,NA,NA,"CAVE27626",767166196,NA,"USDA-ARS",NA,NA,"767166196",5042873,NA,NA,NA,"Agapostemon tyleri",NA,NA,NA,NA,NA,NA,NA,NA,NA,NA,NA,NA,NA,TRUE,FALSE,NA,NA,NA,"Kept duplicate",NA,NA,"GBIF_Halictidae",NA,TRUE,TRUE,TRUE,TRUE,"United states","US",TRUE,TRUE,TRUE,TRUE,TRUE,TRUE,"Agapostemon tyleri",TRUE,TRUE,TRUE,TRUE,TRUE,TRUE,TRUE,TRUE,TRUE,TRUE,TRUE,TRUE,NA,"exact",TRUE,FALSE,FALSE,TRUE,TRUE
"Paige_data_15754","Agapostemon tyleri Cockerell, 1917","Halictidae","Halictinae","Agapostemon",NA,NA,"Agapostemon tyleri","tyleri",NA,NA,"SPECIES","Cockerell, 1917",NA,NA,NA,NA,NA,NA,NA,NA,31.87607,-109.5974,"Arizona",NA,"Pearce, 14.4 kilometers east of",NA,"Cochise County",NA,"USA","United States","USA.3_1","Arizona","CC_BY_4_0","OCCURRENCE_STATUS_INFERRED_FROM_INDIVIDUAL_COUNT;INSTITUTION_MATCH_FUZZY;AMBIGUOUS_COLLECTION","1980/09/12 00:00:00",NA,12,9,1980,"PRESERVED_SPECIMEN","United states",NA,"PRESENT",NA,"E. Gorton Linsley, Juanita M. Linsley",NA,NA,NA,NA,1,NA,NA,1652,NA,"EMEC516351",1060941756,NA,"EMEC",NA,NA,"urn:catalog:EMEC:EMEC:516351",5042873,NA,NA,NA,"Agapostemon tyleri",NA,NA,NA,NA,NA,"https://creativecommons.org/publicdomain/zero/1.0/",NA,"http://vertnet.org/resources/norms.html",NA,NA,"http://essigdb.berkeley.edu/cgi/eme_query?bnhm_id=EMEC516351&one=T",NA,NA,TRUE,FALSE,NA,NA,NA,"Kept duplicate",NA,NA,"GBIF_Halictidae",NA,TRUE,TRUE,TRUE,TRUE,"United states","US",TRUE,TRUE,TRUE,TRUE,TRUE,TRUE,"Agapostemon tyleri",TRUE,TRUE,TRUE,TRUE,TRUE,TRUE,TRUE,TRUE,TRUE,TRUE,TRUE,TRUE,FALSE,"exact",TRUE,TRUE,TRUE,TRUE,TRUE
"Paige_data_15747","Agapostemon tyleri Cockerell, 1917","Halictidae","Halictinae","Agapostemon",NA,NA,"Agapostemon tyleri","tyleri",NA,NA,"SPECIES","Cockerell, 1917",NA,NA,NA,NA,NA,NA,"Janjic, J",NA,31.92043,-109.76220000000001,"Arizona","NORTH_AMERICA","Kansas Settlements; 10 mi S",NA,"Cochise",NA,"USA","United States","USA.3_1","Arizona","CC_BY_4_0","GEODETIC_DATUM_ASSUMED_WGS84;COLLECTION_MATCH_FUZZY","1979/10/14 00:00:00",NA,14,10,1979,"PRESERVED_SPECIMEN","United states",NA,"PRESENT",NA,"Michener & Anderson",NA,NA,NA,NA,NA,NA,NA,NA,NA,"1065797",658458589,NA,"KU","Snow Entomological Museum Collection",NA,"4665f277-1ed6-11e3-bfac-90b11c41863e",5042873,NA,NA,NA,"Agapostemon tyleri",NA,"Heliomeris longifolia",NA,NA,"MALE",NA,NA,"http://biodiversity.ku.edu/research/university-kansas-biodiversity-institute-data-publication-and-use-norms",NA,NA,NA,NA,NA,TRUE,FALSE,NA,NA,NA,"Kept duplicate",NA,NA,"GBIF_Halictidae",NA,TRUE,TRUE,TRUE,TRUE,"United states","US",TRUE,TRUE,TRUE,TRUE,TRUE,TRUE,"Agapostemon tyleri",TRUE,TRUE,TRUE,TRUE,TRUE,TRUE,TRUE,TRUE,TRUE,TRUE,TRUE,TRUE,NA,"exact",TRUE,TRUE,TRUE,TRUE,TRUE
"Paige_data_2097576","Perdita octomaculata (Say, 1824)","Andrenidae","Panurginae","Perdita",NA,NA,"Perdita octomaculata","octomaculata",NA,NA,"SUBSPECIES","(Say, 1824)",NA,NA,NA,NA,NA,NA,NA,NA,43.46869,-71.23201,"New Hampshire",NA,"Alton Bay",NA,"Belknap",NA,"USA","United States","USA.30_1","New Hampshire","CC_BY_4_0","GEODETIC_DATUM_ASSUMED_WGS84;INSTITUTION_MATCH_NONE","1957/08/06 00:00:00",NA,6,8,1957,"PRESERVED_SPECIMEN","United states",NA,"PRESENT",NA,"G.H. Ferguson",NA,NA,NA,NA,NA,NA,NA,NA,NA,"153338",767226635,NA,"USDA-ARS",NA,NA,"767226635",8944379,NA,NA,NA,"Perdita octomaculata",NA,NA,NA,NA,NA,NA,NA,NA,NA,NA,NA,NA,NA,TRUE,FALSE,NA,NA,NA,"Kept duplicate",NA,NA,"GBIF_Andrenidae",NA,TRUE,TRUE,TRUE,TRUE,"United states","US",TRUE,TRUE,TRUE,TRUE,TRUE,TRUE,"Perdita octomaculata",TRUE,TRUE,TRUE,TRUE,TRUE,TRUE,TRUE,TRUE,TRUE,TRUE,TRUE,TRUE,NA,"exact",TRUE,TRUE,TRUE,TRUE,TRUE
"Paige_data_2098083","Perdita octomaculata (Say, 1824)","Andrenidae","Panurginae","Perdita",NA,NA,"Perdita octomaculata","octomaculata",NA,NA,"SPECIES","(Say, 1824)",NA,NA,NA,NA,NA,NA,"unknown",NA,39.033,-95.31396,"Kansas","NORTH_AMERICA","Lawrence, 6 mi NW",NA,"Douglas",NA,"USA","United States","USA.17_1","Kansas","CC_BY_4_0","GEODETIC_DATUM_ASSUMED_WGS84;COLLECTION_MATCH_FUZZY","1979/09/09 00:00:00",NA,9,9,1979,"PRESERVED_SPECIMEN","United states",NA,"PRESENT",NA,"Michener, Charles",NA,NA,NA,NA,NA,NA,NA,NA,NA,"224486",658181176,NA,"KU","Snow Entomological Museum Collection",NA,"36f915c9-1ed6-11e3-bfac-90b11c41863e",1356526,NA,NA,NA,"Perdita octomaculata",NA,"Solidago canadensis",NA,NA,NA,NA,NA,"http://biodiversity.ku.edu/research/university-kansas-biodiversity-institute-data-publication-and-use-norms",NA,NA,NA,NA,NA,TRUE,FALSE,NA,NA,NA,"Kept duplicate",NA,NA,"GBIF_Andrenidae",NA,TRUE,TRUE,TRUE,TRUE,"United states","US",TRUE,TRUE,TRUE,TRUE,TRUE,TRUE,"Perdita octomaculata",TRUE,TRUE,TRUE,TRUE,TRUE,TRUE,TRUE,TRUE,TRUE,TRUE,TRUE,TRUE,NA,"exact",TRUE,TRUE,TRUE,TRUE,TRUE
"Paige_data_2097981","Perdita octomaculata (Say, 1824)","Andrenidae","Panurginae","Perdita",NA,NA,"Perdita octomaculata","octomaculata",NA,NA,"SPECIES","(Say, 1824)",NA,NA,NA,NA,NA,NA,NA,NA,43.81483,-79.97683,NA,NA,"Gschwendtner property",NA,"Caledon",NA,"CAN","Canada","CAN.9_1","Ontario","CC_BY_4_0","GEODETIC_DATUM_ASSUMED_WGS84;INSTITUTION_MATCH_FUZZY;COLLECTION_MATCH_NONE",NA,NA,NA,NA,NA,"PRESERVED_SPECIMEN","Canada",NA,"PRESENT",NA,NA,NA,NA,NA,NA,NA,NA,NA,NA,NA,"Knerer-441",126223228,NA,"ROM",NA,NA,NA,1356526,NA,NA,NA,"Perdita octomaculata",NA,NA,NA,NA,NA,NA,NA,NA,NA,NA,NA,NA,NA,TRUE,FALSE,NA,NA,NA,"Unique",NA,NA,"GBIF_Andrenidae",NA,TRUE,TRUE,TRUE,TRUE,"Canada","CA",TRUE,TRUE,TRUE,TRUE,TRUE,TRUE,"Perdita octomaculata",TRUE,TRUE,TRUE,TRUE,TRUE,TRUE,TRUE,TRUE,TRUE,TRUE,TRUE,TRUE,NA,"exact",TRUE,FALSE,FALSE,TRUE,TRUE
"Paige_data_2097798","Perdita octomaculata (Say, 1824)","Andrenidae","Panurginae","Perdita",NA,NA,"Perdita octomaculata","octomaculata",NA,NA,"SPECIES","(Say, 1824)",NA,NA,NA,NA,NA,NA,NA,NA,44.07,-83.89,"Michigan","NORTH_AMERICA","unknown",NA,"Arenac",NA,"USA","United States","USA.23_1","Michigan","CC_BY_NC_4_0","COORDINATE_ROUNDED;GEODETIC_DATUM_ASSUMED_WGS84;INSTITUTION_MATCH_FUZZY;COLLECTION_MATCH_NONE","1951/08/11 00:00:00",NA,11,8,1951,"PRESERVED_SPECIMEN","United states",NA,"PRESENT",NA,"Dreisbach, R.R.",NA,NA,NA,NA,NA,NA,NA,NA,NA,"UMMZI-99233",3009124320,NA,"UMMZ",NA,NA,"06d5e417-1941-445f-9595-96e60037d422",1356526,NA,NA,NA,"Perdita octomaculata",NA,NA,NA,NA,"FEMALE",NA,NA,NA,NA,NA,NA,NA,NA,TRUE,FALSE,NA,NA,NA,"Kept duplicate",NA,"County Centroid","GBIF_Andrenidae",NA,TRUE,TRUE,TRUE,TRUE,"United states","US",TRUE,TRUE,TRUE,TRUE,TRUE,TRUE,"Perdita octomaculata",TRUE,TRUE,TRUE,TRUE,TRUE,TRUE,TRUE,TRUE,TRUE,TRUE,TRUE,TRUE,NA,"exact",TRUE,TRUE,TRUE,TRUE,TRUE
"Paige_data_2098138","Perdita octomaculata (Say, 1824)","Andrenidae","Panurginae","Perdita",NA,NA,"Perdita octomaculata","octomaculata",NA,NA,"SPECIES","(Say, 1824)",NA,NA,NA,NA,NA,NA,"Sam Droege","2007-01-01T00:00:00",38.2034,-75.1542,"Maryland",NA,NA,NA,"Worcester","Assateague Islandand.","USA","United States","USA.21_1","Maryland","CC0_1_0","GEODETIC_DATUM_ASSUMED_WGS84;INSTITUTION_MATCH_NONE","2006/09/19 00:00:00",NA,19,9,2006,"PRESERVED_SPECIMEN","United states",NA,"PRESENT",NA,"Sam Droege","USGS_DRO4542",NA,"trapType:hand net; trapCount:; trapVolume:; trapColor:; trapLiquid:",NA,NA,NA,NA,25000,NA,"SamplingEventNumber:USGS_DRO4542 | SpecimenNumber:USGS_DRO065266",1456541296,NA,"BISON","USGS PWRC - Native Bee Inventory and Monitoring Lab (BIML)",NA,"USGS_DRO065266",1356526,NA,NA,"https://bison.usgs.gov/ipt/resource?r=usgs-pwrc-biml","Perdita octomaculata","StartDateTime:20060919xxxxxx; EndDateTime:20060919xxxxxx",NA,NA,"""Collected around the National Park lands on the island, 70's, sunny, collected off of some early goldenrod blooms, bacharris or iva shrub, thoroughwort, and gerardia, in general few bees apparent""","FEMALE",NA,NA,NA,NA,NA,NA,NA,NA,TRUE,FALSE,NA,NA,NA,"Duplicate",NA,NA,"GBIF_Andrenidae",NA,TRUE,TRUE,TRUE,TRUE,"United states","US",TRUE,TRUE,TRUE,TRUE,TRUE,TRUE,"Perdita octomaculata",TRUE,TRUE,TRUE,TRUE,TRUE,TRUE,TRUE,TRUE,TRUE,TRUE,FALSE,TRUE,FALSE,"exact",TRUE,TRUE,TRUE,TRUE,FALSE
"Dorey_data_9557611","Agapostemon tyleri Cockerell, 1917","Halictidae","Halictinae","Agapostemon",NA,NA,"Agapostemon tyleri","tyleri",NA,NA,NA,"Cockerell, 1917",NA,"Animalia;Arthropoda;Halictidae;Halictinae;Halictini",NA,"None",NA,NA,"J. S. Ascher","2007",31.5928,-109.0673,"Arizona",NA,"Skeleton Canyon, Peloncillo Mountains",NA,"Cochise",NA,NA,NA,NA,NA,NA,NA,"1967/08/21 00:00:00",NA,21,8,1967,"PreservedSpecimen","United states",NA,NA,NA,"J. G. Rozen, G. Krueger",NA,NA,"Netting",NA,1,NA,NA,NA,NA,"AMNH_BEE 00038588",NA,"urn:uuid:13674fa4-8611-11e4-8259-0026552be7ea","AMNH","Collaborative databasing of North American bee collections within a global informatics network project",NA,"urn:uuid:83b3be66-d8e1-11e2-99a2-0026552be7ea",NA,"8961d855-bdee-4f35-a50c-52cfe4c07959",NA,NA,"Agapostemon tyleri",NA,NA,NA,NA,"Male",NA,NA,NA,NA,NA,NA,NA,NA,NA,NA,NA,NA,NA,"Duplicate",NA,NA,"iDigBio_halictidae",NA,TRUE,TRUE,TRUE,TRUE,"United states","US",TRUE,TRUE,TRUE,TRUE,TRUE,TRUE,"Agapostemon tyleri",TRUE,TRUE,TRUE,TRUE,TRUE,TRUE,TRUE,TRUE,TRUE,TRUE,TRUE,TRUE,NA,"exact",TRUE,TRUE,TRUE,TRUE,FALSE
"Dorey_data_9871491","Agapostemon tyleri Cockerell, 1917","Halictidae","Halictinae","Agapostemon",NA,NA,"Agapostemon tyleri","tyleri",NA,NA,NA,"Cockerell, 1917",NA,"Animalia;Arthropoda;Halictidae;Halictinae;Halictini",NA,"None",NA,NA,"R. B. Roberts","1967",31.981,-109.171,"Arizona",NA,"5 mi N of Portal",NA,"Cochise",NA,NA,NA,NA,NA,NA,NA,"1957/06/30 00:00:00",NA,30,6,1957,"PreservedSpecimen","United states",NA,NA,NA,"S. Plimpton",NA,NA,"Netting",NA,1,NA,NA,NA,NA,"AMNH_BEE 00178198",NA,"urn:uuid:13674fa4-8611-11e4-8259-0026552be7ea","AMNH","Collaborative databasing of North American bee collections within a global informatics network project",NA,"urn:uuid:85c7bc02-d8e1-11e2-99a2-0026552be7ea",NA,"acb0994f-2cc0-45e2-b454-71b5eb2c4591",NA,NA,"Agapostemon tyleri",NA,NA,NA,NA,"Male",NA,NA,NA,NA,NA,NA,NA,NA,NA,NA,NA,NA,NA,"Duplicate",NA,NA,"iDigBio_halictidae",NA,TRUE,TRUE,TRUE,TRUE,"United states","US",TRUE,TRUE,TRUE,TRUE,TRUE,TRUE,"Agapostemon tyleri",TRUE,TRUE,TRUE,TRUE,TRUE,TRUE,TRUE,TRUE,TRUE,TRUE,TRUE,TRUE,NA,"exact",TRUE,TRUE,TRUE,TRUE,FALSE
"Dorey_data_10138628","Perdita octomaculata (Say, 1824)","Andrenidae","Panurginae","Perdita",NA,NA,"Perdita octomaculata","octomaculata",NA,NA,NA,"(Say, 1824)",NA,NA,NA,NA,NA,NA,"unknown",NA,39.033,-95.31396,"Kansas","Nearctic","Lawrence, 6 mi NW",NA,"Douglas",NA,NA,NA,NA,NA,NA,NA,"1979/09/09 00:00:00",NA,9,9,1979,"PreservedSpecimen","United states",NA,NA,NA,"Michener, Charles",NA,NA,NA,NA,NA,NA,NA,NA,NA,"224499",NA,NA,"KU","Snow Entomological Museum Collection",NA,"1b30d2cc-1ed6-11e3-bfac-90b11c41863e",NA,"739c1cc6-27ea-4038-84a5-361559097569",NA,NA,"Perdita (Perdita) octomaculata",NA,"Solidago canadensis",NA,NA,"unknown",NA,NA,NA,NA,NA,NA,NA,NA,NA,NA,NA,NA,NA,"Duplicate",NA,NA,"iDigBio_andrenidae",NA,TRUE,TRUE,TRUE,TRUE,"United states","US",TRUE,TRUE,TRUE,TRUE,TRUE,TRUE,"Perdita octomaculata",TRUE,TRUE,TRUE,TRUE,TRUE,TRUE,TRUE,TRUE,TRUE,TRUE,TRUE,TRUE,NA,"exact",TRUE,TRUE,TRUE,TRUE,FALSE
"Paige_data_2098308","Perdita octomaculata (Say, 1824)","Andrenidae","Panurginae","Perdita",NA,NA,"Perdita octomaculata","octomaculata",NA,NA,NA,"(Say, 1824)",NA,"Animalia;Arthropoda;Andrenidae;Panurginae;Panurgini",NA,"None",NA,NA,NA,NA,43.63527,-71.50472,"New Hampshire",NA,"Meredith",NA,"Belknap",NA,NA,NA,NA,NA,NA,NA,"1966/08/18 00:00:00",NA,18,8,1966,"PreservedSpecimen","United states",NA,NA,NA,"R. A. Morse",NA,NA,"Malaise Trap",NA,1,NA,NA,NA,NA,"CUIC_ENT 00030745",NA,"urn:uuid:13674fa4-8611-11e4-8259-0026552be7ea","CUIC","Collaborative databasing of North American bee collections within a global informatics network project",NA,"urn:uuid:8810ae9c-d8e1-11e2-99a2-0026552be7ea",NA,"5ec1dafd-ce63-4b47-84ce-e331b7716284",NA,NA,"Perdita octomaculata",NA,NA,NA,NA,"Female",NA,NA,NA,NA,NA,NA,NA,NA,NA,NA,NA,NA,NA,"Duplicate",NA,NA,"iDigBio_andrenidae",NA,TRUE,TRUE,TRUE,TRUE,"United states","US",TRUE,TRUE,TRUE,TRUE,TRUE,TRUE,"Perdita octomaculata",TRUE,TRUE,TRUE,TRUE,TRUE,TRUE,TRUE,TRUE,TRUE,TRUE,TRUE,TRUE,NA,"exact",TRUE,TRUE,TRUE,TRUE,FALSE
"Dorey_data_10197730","Perdita octomaculata (Say, 1824)","Andrenidae","Panurginae","Perdita",NA,NA,"Perdita octomaculata","octomaculata",NA,NA,NA,"(Say, 1824)",NA,"Animalia;Arthropoda;Andrenidae;Panurginae;Panurgini",NA,"None",NA,NA,"J. S. Ascher","2013",42.79722,-73.82889,"New York",NA,"Vischer Ferry",NA,"Saratoga",NA,NA,NA,NA,NA,NA,NA,"1982/08/06 00:00:00",NA,6,8,1982,"PreservedSpecimen","United states",NA,NA,NA,"J. G. Rozen",NA,NA,"Netting",NA,1,NA,NA,NA,NA,"AMNH_BEE 00266788",NA,"urn:uuid:13674fa4-8611-11e4-8259-0026552be7ea","AMNH","Collaborative databasing of North American bee collections within a global informatics network project",NA,"urn:uuid:1075c81a-40e0-11e3-935e-0026552be7ea",NA,"f9466fb6-b7b4-4492-b936-223d8ab5219d",NA,NA,"Perdita octomaculata octomaculata",NA,NA,NA,NA,"Female",NA,NA,NA,NA,NA,NA,NA,NA,NA,NA,NA,NA,NA,"Duplicate",NA,NA,"iDigBio_andrenidae",NA,TRUE,TRUE,TRUE,TRUE,"United states","US",TRUE,TRUE,TRUE,TRUE,TRUE,TRUE,"Perdita octomaculata octomaculata",TRUE,TRUE,TRUE,TRUE,TRUE,TRUE,TRUE,TRUE,TRUE,TRUE,TRUE,TRUE,NA,"exact",TRUE,TRUE,TRUE,TRUE,FALSE
"Paige_data_2098478","Perdita octomaculata (Say, 1824)","Andrenidae","Panurginae","Perdita",NA,NA,"Perdita octomaculata","octomaculata",NA,NA,NA,"(Say, 1824)",NA,"Animalia;Arthropoda;Andrenidae;Panurginae;Panurgini",NA,"None",NA,NA,NA,NA,42.44056,-76.49694,"New York",NA,"Ithaca",NA,"Tompkins",NA,NA,NA,NA,NA,NA,NA,"1947/09/04 00:00:00",NA,4,9,1947,"PreservedSpecimen","United states",NA,NA,NA,"C. Robinson",NA,NA,"Netting",NA,1,NA,NA,NA,NA,"CUIC_ENT 00030160",NA,"urn:uuid:13674fa4-8611-11e4-8259-0026552be7ea","CUIC","Collaborative databasing of North American bee collections within a global informatics network project",NA,"urn:uuid:87e2d990-d8e1-11e2-99a2-0026552be7ea",NA,"6edad8a4-6d85-4117-bc0e-4c55136d3e4c",NA,NA,"Perdita octomaculata",NA,NA,NA,NA,"Male",NA,NA,NA,NA,NA,NA,NA,NA,NA,NA,NA,NA,NA,"Duplicate",NA,NA,"iDigBio_andrenidae",NA,TRUE,TRUE,TRUE,TRUE,"United states","US",TRUE,TRUE,TRUE,TRUE,TRUE,TRUE,"Perdita octomaculata",TRUE,TRUE,TRUE,TRUE,TRUE,TRUE,TRUE,TRUE,TRUE,TRUE,TRUE,TRUE,NA,"exact",TRUE,FALSE,TRUE,FALSE,FALSE
"Paige_data_2097296","Perdita octomaculata (Say, 1824)","Andrenidae","Panurginae","Perdita",NA,NA,"Perdita octomaculata","octomaculata",NA,NA,NA,"(Say, 1824)",NA,"Animalia;Arthropoda;Andrenidae;Panurginae;Panurgini",NA,"None","Det. confirmed by J. S. Ascher in 2013",NA,"G. I. Stage",NA,41.41666,-70.93555,"Massachusetts",NA,"Cuttyhunk Island (Elizabeth Islands)",NA,"Dukes",NA,NA,NA,NA,NA,NA,NA,"2010/08/28 00:00:00",NA,28,8,2010,"PreservedSpecimen","United states",NA,NA,NA,"S. Kent",NA,NA,"Netting",NA,1,NA,NA,NA,NA,"UCMS_ENT 00063694",NA,"urn:uuid:13674fa4-8611-11e4-8259-0026552be7ea","UCMS","Collaborative databasing of North American bee collections within a global informatics network project",NA,"urn:uuid:5ed9149e-260a-11e3-935e-0026552be7ea",NA,"189aa6ae-801f-4497-b703-9dcf9d7521c8",NA,NA,"Perdita octomaculata",NA,"associated with:Solidago nemoralis",NA,NA,"Male",NA,NA,NA,NA,NA,NA,NA,NA,NA,NA,NA,NA,NA,"Duplicate",NA,NA,"iDigBio_andrenidae",NA,TRUE,TRUE,TRUE,TRUE,"United states","US",TRUE,TRUE,TRUE,TRUE,TRUE,TRUE,"Perdita octomaculata",TRUE,TRUE,TRUE,TRUE,TRUE,TRUE,TRUE,TRUE,TRUE,TRUE,TRUE,TRUE,NA,NA,NA,FALSE,TRUE,TRUE,FALSE
"Dorey_data_11021380","Centris rhodopus Cockerell, 1897","Apidae","Apinae","Centris",NA,NA,"Centris rhodopus","rhodopus",NA,NA,NA,"Cockerell, 1897",NA,NA,NA,NA,NA,NA,"Snelling, Roy",NA,35.24944,-112.1903,"Arizona","Nearctic","Bill Williams Fork",NA,"Mohave",NA,NA,NA,NA,NA,NA,NA,NA,NA,NA,NA,NA,"PreservedSpecimen","United states",NA,NA,NA,"Snow, Francis",NA,NA,NA,NA,NA,NA,NA,NA,NA,"559517",NA,NA,"KU","Snow Entomological Museum Collection",NA,"35a5c09e-1ed6-11e3-bfac-90b11c41863e",NA,"057155fa-b438-4003-8bfe-d00b54700f89",NA,NA,"Centris (Paracentris) rhodopus",NA,NA,NA,NA,NA,NA,NA,NA,NA,NA,NA,NA,NA,NA,NA,NA,NA,NA,"Duplicate",NA,NA,"iDigBio_apidae",NA,TRUE,TRUE,TRUE,TRUE,"United states","US",TRUE,TRUE,TRUE,TRUE,TRUE,TRUE,"Centris rhodopus",TRUE,TRUE,TRUE,TRUE,TRUE,TRUE,TRUE,TRUE,TRUE,TRUE,TRUE,TRUE,NA,"exact",TRUE,FALSE,FALSE,TRUE,FALSE
"Dorey_data_11224551","Centris rhodopus Cockerell, 1897","Apidae","Apinae","Centris",NA,NA,"Centris rhodopus","rhodopus",NA,NA,NA,"Cockerell, 1897",NA,"Animalia;Arthropoda;Apidae;Apinae;Centridini",NA,"None",NA,NA,"J. S. Ascher","2008",32.57611,-111.325,"Arizona",NA,"Red Rock",NA,"Pinal",NA,NA,NA,NA,NA,NA,NA,"2008/08/18 00:00:00",NA,18,8,2008,"PreservedSpecimen","United states",NA,NA,NA,"J. G. Rozen, M. A. Rozen",NA,NA,"Netting",NA,1,NA,NA,NA,NA,"AMNH_BEE 00056414",NA,"urn:uuid:13674fa4-8611-11e4-8259-0026552be7ea","AMNH","Collaborative databasing of North American bee collections within a global informatics network project",NA,"urn:uuid:843238ae-d8e1-11e2-99a2-0026552be7ea",NA,"a3c5f0bf-a552-440b-a2b0-c243b0f66145",NA,NA,"Centris rhodopus",NA,NA,NA,NA,"Female",NA,NA,NA,NA,NA,NA,NA,NA,NA,NA,NA,NA,NA,"Duplicate",NA,NA,"iDigBio_apidae",NA,TRUE,TRUE,TRUE,TRUE,"United states","US",TRUE,TRUE,TRUE,TRUE,TRUE,TRUE,"Centris rhodopus",TRUE,TRUE,TRUE,TRUE,TRUE,TRUE,TRUE,TRUE,TRUE,TRUE,TRUE,TRUE,NA,"exact",TRUE,TRUE,TRUE,TRUE,FALSE
"Dorey_data_11496450","Centris rhodopus Cockerell, 1897","Apidae","Apinae","Centris",NA,NA,"Centris rhodopus","rhodopus",NA,NA,NA,"Cockerell, 1897",NA,NA,NA,NA,NA,NA,"Snelling, Roy","1951",35.24944,-112.1903,"Arizona","Nearctic","Bill Williams Fork",NA,"Mohave",NA,NA,NA,NA,NA,NA,NA,NA,NA,NA,NA,NA,"PreservedSpecimen","United states",NA,NA,NA,"Snow, Francis",NA,NA,NA,NA,NA,NA,NA,NA,NA,"559431",NA,NA,"KU","Snow Entomological Museum Collection",NA,"18bbc7f8-1ed6-11e3-bfac-90b11c41863e",NA,"f2caf49e-db81-49b4-9210-ce8844fcf3d2",NA,NA,"Centris (Paracentris) rhodopus",NA,NA,NA,NA,NA,NA,NA,NA,NA,NA,NA,NA,NA,NA,NA,NA,NA,NA,"Duplicate",NA,NA,"iDigBio_apidae",NA,TRUE,TRUE,TRUE,TRUE,"United states","US",TRUE,TRUE,TRUE,TRUE,TRUE,TRUE,"Centris rhodopus",TRUE,TRUE,TRUE,TRUE,TRUE,TRUE,TRUE,TRUE,TRUE,TRUE,TRUE,TRUE,NA,"exact",TRUE,FALSE,FALSE,TRUE,FALSE
"Dorey_data_12320595","Centris rhodopus Cockerell, 1897","Apidae","Apinae","Centris",NA,NA,"Centris rhodopus","rhodopus",NA,NA,NA,"Cockerell, 1897",NA,NA,NA,NA,NA,NA,"Minckley, Robert","1995",37.15,-114.0333333,"Utah",NA,"Lytle Ranch Preserve, NW, Beaver Dam Wash",NA,"Washington",NA,NA,NA,NA,NA,NA,NA,"1994/05/21 00:00:00",NA,21,5,1994,"PreservedSpecimen","United states",NA,NA,NA,"Kervin, L",NA,NA,NA,NA,NA,NA,NA,NA,NA,"559535",NA,NA,"KU",NA,NA,"19508061-1ed6-11e3-bfac-90b11c41863e",NA,NA,"urn:uuid:cffbbcbc-378f-4d06-8956-0fc9267b879d","c45886f1-3524-42f4-a113-4e4e193505a8","Centris (Paracentris) rhodopus","1994-5-21","Larrea tridentata",NA,NA,NA,"http://creativecommons.org/publicdomain/zero/1.0/","The University of Kansas Natural History Museum",NA,NA,NA,"https://scan-bugs.org:443/portal/collections/individual/index.php?occid=15399931",NA,NA,NA,NA,NA,NA,"15399931","Duplicate",NA,NA,"SCAN_Apidae",NA,TRUE,TRUE,TRUE,TRUE,"United states","US",TRUE,TRUE,TRUE,TRUE,TRUE,TRUE,"Centris rhodopus",TRUE,TRUE,TRUE,TRUE,TRUE,TRUE,TRUE,TRUE,TRUE,TRUE,TRUE,TRUE,NA,"exact",TRUE,TRUE,TRUE,TRUE,FALSE
"Dorey_data_12387492","Centris rhodopus Cockerell, 1897","Apidae","Apinae","Centris",NA,NA,"Centris rhodopus","rhodopus",NA,NA,NA,"Cockerell, 1897",NA,NA,NA,NA,NA,NA,"Snelling, Roy","1951",40.90611,-124.1107,"California",NA,"Essex, 5 mi W",NA,"San Bernardino",NA,NA,NA,NA,NA,NA,NA,"1952/06/30 00:00:00",NA,30,6,1952,"PreservedSpecimen","United states",NA,NA,NA,"Beamer, LaBerge, Liang",NA,NA,NA,NA,NA,NA,NA,NA,NA,"559401",NA,NA,"KU",NA,NA,"3c33260b-1ed6-11e3-bfac-90b11c41863e",NA,NA,"urn:uuid:c25d0683-8015-47a9-9988-5e9aa048b805","c45886f1-3524-42f4-a113-4e4e193505a8","Centris (Paracentris) rhodopus","1952-6-30",NA,NA,NA,NA,"http://creativecommons.org/publicdomain/zero/1.0/","The University of Kansas Natural History Museum",NA,NA,NA,"https://scan-bugs.org:443/portal/collections/individual/index.php?occid=15975728",NA,NA,NA,NA,NA,NA,"15975728","Duplicate",NA,NA,"SCAN_Apidae",NA,TRUE,TRUE,TRUE,TRUE,"United states","US",TRUE,TRUE,TRUE,TRUE,TRUE,TRUE,"Centris rhodopus",TRUE,TRUE,TRUE,TRUE,TRUE,TRUE,TRUE,TRUE,TRUE,TRUE,TRUE,TRUE,NA,"exact",TRUE,TRUE,TRUE,TRUE,FALSE
"Dorey_data_13926917","Perdita octomaculata (Say, 1824)","Andrenidae","Panurginae","Perdita",NA,NA,"Perdita octomaculata","octomaculata",NA,NA,NA,"(Say, 1824)",NA,NA,NA,NA,NA,NA,"unknown",NA,39.033,-95.31396,"Kansas",NA,"Lawrence, 6 mi NW",NA,"Douglas",NA,NA,NA,NA,NA,NA,NA,"1979/09/09 00:00:00",NA,9,9,1979,"PreservedSpecimen","United states",NA,NA,NA,"Michener, Charles",NA,NA,NA,NA,NA,NA,NA,NA,NA,"224495",NA,NA,"KU",NA,NA,"36761b9e-1ed6-11e3-bfac-90b11c41863e",NA,NA,"urn:uuid:c76a6551-0333-4c24-8e2b-d1205125fa79","c45886f1-3524-42f4-a113-4e4e193505a8","Perdita (Perdita) octomaculata","1979-9-9","Solidago canadensis",NA,NA,"unknown","http://creativecommons.org/publicdomain/zero/1.0/","The University of Kansas Natural History Museum",NA,NA,NA,"https://scan-bugs.org:443/portal/collections/individual/index.php?occid=15886913",NA,NA,NA,NA,NA,NA,"15886913","Duplicate",NA,NA,"SCAN_Andrenidae",NA,TRUE,TRUE,TRUE,TRUE,"United states","US",TRUE,TRUE,TRUE,TRUE,TRUE,TRUE,"Perdita octomaculata",TRUE,TRUE,TRUE,TRUE,TRUE,TRUE,TRUE,TRUE,TRUE,TRUE,TRUE,TRUE,NA,"exact",TRUE,TRUE,TRUE,TRUE,FALSE
"Dorey_data_14284627","Perdita octomaculata (Say, 1824)","Andrenidae","Panurginae","Perdita",NA,NA,"Perdita octomaculata","octomaculata",NA,NA,NA,"(Say, 1824)",NA,NA,NA,"None",NA,NA,"J. S. Ascher","2007",41.90907,-72.79259,"Connecticut",NA,"Simsbury, 1519 Hopmeadow Rd., front dune",NA,"Hartford",NA,NA,NA,NA,NA,NA,NA,"2007/09/11 00:00:00",NA,11,9,2007,"PreservedSpecimen","United states",NA,NA,NA,"A. Bouchard, D. L. Wagner et al.",NA,NA,"Pitfall Trap Single",NA,1,NA,NA,NA,NA,"UCMS_ENT 00026972",NA,NA,"UCMS",NA,NA,"urn:uuid:83cada60-d8e1-11e2-99a2-0026552be7ea",NA,NA,"urn:uuid:44adf881-fb81-43e2-bd29-d77aa50830e1","ca77c4c3-1d79-4dbc-a95e-81f944ec8518","Perdita octomaculata octomaculata","9/11/07",NA,NA,NA,NA,"http://creativecommons.org/licenses/by-nc/4.0/","American Museum of Natural History",NA,NA,NA,"https://scan-bugs.org:443/portal/collections/individual/index.php?occid=56757553",NA,NA,NA,NA,NA,NA,"56757553","Duplicate",NA,NA,"SCAN_Andrenidae",NA,TRUE,TRUE,TRUE,TRUE,"United states","US",TRUE,TRUE,TRUE,TRUE,TRUE,TRUE,"Perdita octomaculata octomaculata",TRUE,TRUE,TRUE,TRUE,TRUE,TRUE,TRUE,TRUE,TRUE,TRUE,TRUE,TRUE,NA,"exact",TRUE,TRUE,TRUE,TRUE,FALSE
"Dorey_data_14335571","Perdita octomaculata (Say, 1824)","Andrenidae","Panurginae","Perdita",NA,NA,"Perdita octomaculata","octomaculata",NA,NA,NA,"(Say, 1824)",NA,NA,NA,"None",NA,NA,NA,NA,42.4195,-76.5731,"New York",NA,"Enfield, Teeter Rd.",NA,"Tompkins",NA,NA,NA,NA,NA,NA,NA,"1975/08/13 00:00:00",NA,13,8,1975,"PreservedSpecimen","United states",NA,NA,NA,"H. Ginsberg",NA,NA,"Netting",NA,1,NA,NA,NA,NA,"CUIC_ENT 00030001",NA,NA,"CUIC",NA,NA,"urn:uuid:87e1c528-d8e1-11e2-99a2-0026552be7ea",NA,NA,"urn:uuid:572d961b-8ddf-49e8-a92f-d883db0f1a7a","ca77c4c3-1d79-4dbc-a95e-81f944ec8518","Perdita octomaculata octomaculata","8/13/75",NA,NA,NA,"Female","http://creativecommons.org/licenses/by-nc/4.0/","American Museum of Natural History",NA,NA,NA,"https://scan-bugs.org:443/portal/collections/individual/index.php?occid=57004937",NA,NA,NA,NA,NA,NA,"57004937","Kept duplicate",NA,NA,"SCAN_Andrenidae",NA,TRUE,TRUE,TRUE,TRUE,"United states","US",TRUE,TRUE,TRUE,TRUE,TRUE,TRUE,"Perdita octomaculata octomaculata",TRUE,TRUE,TRUE,TRUE,TRUE,TRUE,TRUE,TRUE,TRUE,TRUE,TRUE,TRUE,NA,"exact",TRUE,TRUE,TRUE,TRUE,TRUE
"Dorey_data_14336865","Perdita octomaculata (Say, 1824)","Andrenidae","Panurginae","Perdita",NA,NA,"Perdita octomaculata","octomaculata",NA,NA,NA,"(Say, 1824)",NA,NA,NA,"None",NA,NA,"G. C. Eickwort",NA,40.9301,-73.4614,"New York",NA,"Caumsett State Park, Queens College Science Center, Lloyd Neck",NA,"Suffolk",NA,NA,NA,NA,NA,NA,NA,"1977/08/21 00:00:00",NA,21,8,1977,"PreservedSpecimen","United states",NA,NA,NA,"G. C. Eickwort",NA,NA,"Netting",NA,1,NA,NA,NA,NA,"CUIC_ENT 00030619",NA,NA,"CUIC",NA,NA,"urn:uuid:880564f6-d8e1-11e2-99a2-0026552be7ea",NA,NA,"urn:uuid:5bb65bd2-8bd0-4e90-9da9-682451480d6d","ca77c4c3-1d79-4dbc-a95e-81f944ec8518","Perdita octomaculata octomaculata","8/21/77",NA,NA,NA,"Female","http://creativecommons.org/licenses/by-nc/4.0/","American Museum of Natural History",NA,NA,NA,"https://scan-bugs.org:443/portal/collections/individual/index.php?occid=57009353",NA,NA,NA,NA,NA,NA,"57009353","Kept duplicate",NA,NA,"SCAN_Andrenidae",NA,TRUE,TRUE,TRUE,TRUE,"United states","US",TRUE,TRUE,TRUE,TRUE,TRUE,TRUE,"Perdita octomaculata octomaculata",TRUE,TRUE,TRUE,TRUE,TRUE,TRUE,TRUE,TRUE,TRUE,TRUE,TRUE,TRUE,NA,"exact",TRUE,TRUE,TRUE,TRUE,TRUE
"Dorey_data_14343390","Perdita octomaculata (Say, 1824)","Andrenidae","Panurginae","Perdita",NA,NA,"Perdita octomaculata","octomaculata",NA,NA,NA,"(Say, 1824)",NA,NA,NA,"None",NA,NA,"J. S. Ascher","2013",31.3269,-89.29,"Mississippi",NA,"Hattiesburg",NA,"Forrest",NA,NA,NA,NA,NA,NA,NA,"1944/09/24 00:00:00",NA,24,9,1944,"PreservedSpecimen","United states",NA,NA,NA,"C. D. Michener",NA,NA,"Unknown",NA,1,NA,NA,NA,NA,"AMNH_BEE 00257646",NA,NA,"AMNH",NA,NA,"urn:uuid:88f95c00-d8e1-11e2-99a2-0026552be7ea",NA,NA,"urn:uuid:54857d49-9e9d-43ce-8793-3aca803e46cf","ca77c4c3-1d79-4dbc-a95e-81f944ec8518","Perdita octomaculata terminata","9/24/44",NA,NA,NA,"Male","http://creativecommons.org/licenses/by-nc/4.0/","American Museum of Natural History",NA,NA,NA,"https://scan-bugs.org:443/portal/collections/individual/index.php?occid=57033293",NA,NA,NA,NA,NA,NA,"57033293","Duplicate",NA,NA,"SCAN_Andrenidae",NA,TRUE,TRUE,TRUE,TRUE,"United states","US",TRUE,TRUE,TRUE,TRUE,TRUE,TRUE,"Perdita octomaculata terminata",TRUE,TRUE,TRUE,TRUE,TRUE,TRUE,TRUE,TRUE,TRUE,TRUE,TRUE,TRUE,NA,"exact",TRUE,FALSE,TRUE,FALSE,FALSE
"Dorey_data_14345268","Perdita octomaculata (Say, 1824)","Andrenidae","Panurginae","Perdita",NA,NA,"Perdita octomaculata","octomaculata",NA,NA,NA,"(Say, 1824)",NA,NA,NA,"None",NA,NA,"J. S. Ascher","2013",42.79722,-73.82889,"New York",NA,"Vischer Ferry",NA,"Saratoga",NA,NA,NA,NA,NA,NA,NA,"1982/08/06 00:00:00",NA,6,8,1982,"PreservedSpecimen","United states",NA,NA,NA,"J. G. Rozen",NA,NA,"Netting",NA,1,NA,NA,NA,NA,"AMNH_BEE 00266793",NA,NA,"AMNH",NA,NA,"urn:uuid:10858462-40e0-11e3-935e-0026552be7ea",NA,NA,"urn:uuid:b1bfba34-7a90-4bbe-9a6f-e3d31c66aedf","ca77c4c3-1d79-4dbc-a95e-81f944ec8518","Perdita octomaculata octomaculata","8/6/82",NA,NA,NA,"Female","http://creativecommons.org/licenses/by-nc/4.0/","American Museum of Natural History",NA,NA,NA,"https://scan-bugs.org:443/portal/collections/individual/index.php?occid=56689395",NA,NA,NA,NA,NA,NA,"56689395","Duplicate",NA,NA,"SCAN_Andrenidae",NA,TRUE,TRUE,TRUE,TRUE,"United states","US",TRUE,TRUE,TRUE,TRUE,TRUE,TRUE,"Perdita octomaculata octomaculata",TRUE,TRUE,TRUE,TRUE,TRUE,TRUE,TRUE,TRUE,TRUE,TRUE,TRUE,TRUE,NA,"exact",TRUE,TRUE,TRUE,TRUE,FALSE
"Dorey_data_15571704","Agapostemon tyleri Cockerell, 1917","Halictidae","Halictinae","Agapostemon",NA,NA,"Agapostemon tyleri","tyleri",NA,NA,NA,"Cockerell, 1917",NA,NA,NA,NA,NA,NA,"Roberts, R","1967",31.34444,-109.5447,"Arizona",NA,"Douglas",NA,"Cochise",NA,NA,NA,NA,NA,NA,NA,"1962/07/22 00:00:00",NA,22,7,1962,"PreservedSpecimen","United states",NA,NA,NA,"Cazier, Mont",NA,NA,NA,NA,NA,NA,NA,NA,NA,"438556",NA,NA,"KU",NA,NA,"3dc5a981-1ed6-11e3-bfac-90b11c41863e",NA,NA,"urn:uuid:99042ded-f2d5-458b-a527-27f22a58e78b","c45886f1-3524-42f4-a113-4e4e193505a8","Agapostemon (Agapostemon) tyleri","1962-7-22","Mentzelia pumila",NA,NA,"M","http://creativecommons.org/publicdomain/zero/1.0/","The University of Kansas Natural History Museum",NA,NA,NA,"https://scan-bugs.org:443/portal/collections/individual/index.php?occid=16001905",NA,NA,NA,NA,NA,NA,"16001905","Duplicate",NA,NA,"SCAN_Halictidae",NA,TRUE,TRUE,TRUE,TRUE,"United states","US",TRUE,TRUE,TRUE,TRUE,TRUE,TRUE,"Agapostemon tyleri",TRUE,TRUE,TRUE,TRUE,TRUE,TRUE,TRUE,TRUE,TRUE,TRUE,TRUE,TRUE,NA,"exact",TRUE,TRUE,TRUE,TRUE,FALSE
"Dorey_data_17002494","Perdita octomaculata (Say, 1824)","Andrenidae","Panurginae","Perdita",NA,NA,"Perdita octomaculata","octomaculata",NA,NA,NA,"(Say, 1824)",NA,NA,NA,NA,NA,NA,"Sam Droege","3/15/200",38.499,-75.4841,"Delaware",NA,NA,NA,"Sussex","Vincent home",NA,NA,NA,NA,NA,NA,"2007/08/29 11:40:00","20080116163607",29,8,2007,NA,"United states",NA,NA,NA,"Ben Cramer","USGS_DRO5256","Bowls","Technique used: pan trap|Bowls full upon collection: 15|Sampling Bowl/trap size: bowl 3.25oz|Trap colour: in field note|Trap liquid: soap dawn",NA,NA,NA,NA,5,NA,NA,NA,NA,NA,NA,NA,"USGS_DRO103183",NA,NA,"USGS_DRO103183",NA,"Perdita octomaculata",NA,NA,NA,"field_note: 5 blue, 5 yellow, 5 white, 100 meter distance, colors randomized|note: Pumpkin|DateEntered: 1/27/2017 9:35:36|DateScanned: 4/1/2008|ipAddress: 167.21.1.240|time1: 2007-08-29 11:40:00|time2: 2007-08-30 12:30:00","f",NA,NA,NA,NA,NA,NA,NA,NA,NA,NA,NA,NA,"USGS_DRO103183","Kept duplicate",NA,NA,"USGS_data",NA,TRUE,TRUE,TRUE,TRUE,"United states","US",TRUE,TRUE,TRUE,TRUE,TRUE,TRUE,"Perdita octomaculata",TRUE,TRUE,TRUE,TRUE,TRUE,TRUE,TRUE,TRUE,TRUE,TRUE,TRUE,TRUE,TRUE,"exact",TRUE,TRUE,TRUE,TRUE,TRUE
"CAES_data_6070","Perdita octomaculata (Say, 1824)","Andrenidae","Panurginae","Perdita",NA,NA,"Perdita octomaculata","octomaculata",NA,NA,NA,"(Say, 1824)",NA,NA,NA,NA,"Tribe: Panurgini",NA,"T. Zarrillo","2012",41.56056,-71.87389,"Connecticut",NA,"Griswold, 190 Sheldon Road (2011)",NA,"New London",NA,NA,NA,NA,NA,"https://creativecommons.org/licenses/by-nc-sa/4.0/",NA,"2011/10/03 00:00:00",NA,3,10,2011,NA,"United states",NA,NA,NA,"Robert Durgy",NA,NA,"Pan Trap",NA,1,NA,NA,NA,NA,"UCMS_ENT 00047906",NA,"CAES","CAES","Connecticut Agricultural Experiment Station","STONER_GRISWOLD_2011",NA,NA,NA,NA,NA,"Perdita octomaculata",NA,NA,NA,"Sampling period: 40819 to 40833|Macro_Habitat: Agricultural|Preservation_method: Pinned","Adult Female",NA,NA,NA,NA,"Data citation: Digital Bee Collections Network, 2014 (and updates). Version: <download date>. National Science Foundation grant DBI 0956388; Contact: Ascher, John S. (dbsajs@nus.edu.sg)",NA,NA,NA,NA,NA,NA,NA,NA,"Duplicate",NA,NA,"CAES_Anthophila",NA,TRUE,TRUE,TRUE,TRUE,"United states","US",TRUE,TRUE,TRUE,TRUE,TRUE,TRUE,"Perdita octomaculata",TRUE,TRUE,TRUE,TRUE,TRUE,TRUE,TRUE,TRUE,TRUE,TRUE,TRUE,TRUE,NA,"exact",TRUE,TRUE,TRUE,TRUE,FALSE
"Dorey_data_9857874","Agapostemon tyleri Cockerell, 1917","Halictidae","Halictinae","Agapostemon",NA,NA,"Agapostemon tyleri","tyleri",NA,"Agapostemon tyleri","species","Cockerell, 1917",NA,"Animalia; Arthropoda; Insecta; Hymenoptera; Halictidae; Agapostemon",NA,"NO APLICA",NA,NA,"L. Ramírez-Freire",NA,25.0695555,-100.7186111,"NUEVO LEON",NA,"La Hediondilla",NA,"GALEANA",NA,NA,NA,NA,NA,NA,NA,"2013/07/28 00:00:00",NA,28,7,2013,"PreservedSpecimen","Mexico",NA,NA,NA,"L. Ramírez-Freire; C. Velazco M.",NA,NA,NA,NA,23,NA,NA,NA,NA,"UANL-APO-554",NA,"1103be8170131e7d6ba999968e66f765","FCB-UANL","Abejas silvestres (Hymenoptera: Apoidea) de la región Praderas de Tokio-El Potosí - Sierra Mazmorras - Cañón de Iturbide, Coahuila y Nuevo León, México",NA,"urn:catalog:FCB-UANL:UANL:UANL-APO-554:1103be8170131e7d6ba999968e66f765",NA,"a1ef7801-d1bd-4037-bc74-0d2fb30ac753",NA,"191","Agapostemon tyleri",NA,NA,NA,NA,"23 hembras",NA,NA,NA,NA,NA,NA,NA,NA,NA,NA,NA,NA,NA,"Duplicate",NA,NA,"iDigBio_halictidae",NA,TRUE,TRUE,TRUE,TRUE,"Mexico","MX",TRUE,TRUE,TRUE,TRUE,TRUE,TRUE,NA,TRUE,TRUE,TRUE,TRUE,TRUE,TRUE,TRUE,TRUE,TRUE,TRUE,TRUE,TRUE,NA,"exact",TRUE,TRUE,TRUE,TRUE,FALSE
"Dorey_data_10991357","Centris rhodopus Cockerell, 1897","Apidae","Apinae","Centris",NA,NA,"Centris rhodopus","rhodopus",NA,NA,NA,"Cockerell, 1897",NA,NA,NA,NA,NA,NA,"R.R. Snelling","1994",34.032047,-114.2588,"Arizona",NA,"8 mi. SE of Parker",NA,"La Paz County",NA,NA,NA,NA,NA,NA,NA,"1966/05/04 00:00:00",NA,4,5,1966,"PreservedSpecimen","United states",NA,NA,NA,"M. Jay; J.M. Davidson",NA,NA,NA,NA,NA,NA,NA,3000,NA,"ASUHIC0084176",NA,NA,"ASU",NA,NA,"748c0310-f6db-4ba0-9d1b-f119a49ff5e2",NA,"edc23381-5cf5-4fad-83c0-bbae2520a6fd","urn:uuid:748c0310-f6db-4ba0-9d1b-f119a49ff5e2","98d9b8ed-08d6-47fc-b324-2853e44d75d1","Centris rhodopus","1966-5-4",NA,NA,NA,"male",NA,NA,NA,NA,NA,NA,NA,NA,NA,NA,NA,NA,NA,"Duplicate",NA,NA,"iDigBio_apidae",NA,TRUE,TRUE,TRUE,TRUE,"United states","US",TRUE,TRUE,TRUE,TRUE,TRUE,TRUE,NA,TRUE,TRUE,TRUE,TRUE,TRUE,TRUE,TRUE,TRUE,TRUE,TRUE,TRUE,TRUE,FALSE,"exact",TRUE,TRUE,TRUE,TRUE,FALSE
"Dorey_data_11383982","Centris rhodopus Cockerell, 1897","Apidae","Apinae","Centris",NA,NA,"Centris rhodopus","rhodopus",NA,NA,NA,"Cockerell, 1897",NA,NA,NA,NA,NA,NA,"R.R. Snelling","1994",30.980685,-114.815716,"Baja California",NA,"4 mi. S of San Felipe",NA,NA,"Mexicali Municipality",NA,NA,NA,NA,NA,NA,"1968/06/08 00:00:00",NA,8,6,1968,"PreservedSpecimen","Mexico",NA,NA,NA,"N. Leppla; J. Bigelow, Mont A. Cazier, J. Davidson, M. Bentzien, W. Fox, S. Williams",NA,NA,NA,NA,NA,NA,NA,1500,NA,"ASUHIC0084229",NA,NA,"ASU",NA,NA,"22dba931-f06c-4f32-9590-62305b5cfcd3",NA,"74b04516-9164-49b4-93c4-71be1a93cb12","urn:uuid:22dba931-f06c-4f32-9590-62305b5cfcd3","98d9b8ed-08d6-47fc-b324-2853e44d75d1","Centris rhodopus","1968-6-8",NA,NA,NA,"male",NA,NA,NA,NA,NA,NA,NA,NA,NA,NA,NA,NA,NA,"Duplicate",NA,NA,"iDigBio_apidae",NA,TRUE,TRUE,TRUE,TRUE,"Mexico","MX",TRUE,TRUE,TRUE,TRUE,TRUE,TRUE,NA,TRUE,TRUE,TRUE,TRUE,TRUE,TRUE,TRUE,TRUE,TRUE,TRUE,TRUE,TRUE,FALSE,"exact",TRUE,TRUE,TRUE,TRUE,FALSE
"Dorey_data_12188042","Centris rhodopus Cockerell, 1897","Apidae","Apinae","Centris",NA,NA,"Centris rhodopus","rhodopus",NA,NA,NA,"Cockerell, 1897",NA,NA,NA,NA,NA,NA,"R.R. Snelling","1994",34.066119,-114.257333,"Arizona",NA,"6 mi. SE of Parker",NA,"La Paz County",NA,NA,NA,NA,NA,NA,NA,"1966/05/07 00:00:00",NA,7,5,1966,"PreservedSpecimen","United states",NA,NA,NA,"Stanley A. Gorodenski; J.M. Davidson, M.A. Cazier",NA,NA,NA,NA,NA,NA,NA,3000,NA,"ASUHIC0084150",NA,NA,"ASU",NA,NA,"916dbb40-db00-4c18-bdab-5eaf2c0a7e09",NA,"0ec18f9e-b042-471d-8da9-0266944be228","urn:uuid:916dbb40-db00-4c18-bdab-5eaf2c0a7e09","98d9b8ed-08d6-47fc-b324-2853e44d75d1","Centris rhodopus","1966-5-7",NA,NA,NA,"female",NA,NA,NA,NA,NA,NA,NA,NA,NA,NA,NA,NA,NA,"Duplicate",NA,NA,"iDigBio_apidae",NA,TRUE,TRUE,TRUE,TRUE,"United states","US",TRUE,TRUE,TRUE,TRUE,TRUE,TRUE,NA,TRUE,TRUE,TRUE,TRUE,TRUE,TRUE,TRUE,TRUE,TRUE,TRUE,TRUE,TRUE,FALSE,"exact",TRUE,TRUE,TRUE,TRUE,FALSE
"Dorey_data_12709277","Centris rhodopus Cockerell, 1897","Apidae","Apinae","Centris",NA,NA,"Centris rhodopus","rhodopus",NA,NA,NA,"Cockerell, 1897",NA,NA,NA,NA,NA,NA,NA,NA,34.71,-114.48,"Arizona",NA,"Topock",NA,"Mohave",NA,NA,NA,NA,NA,NA,NA,"1972/04/08 00:00:00",NA,8,4,1972,"PRESERVED_SPECIMEN","United states",NA,NA,NA,"W. Apperson",NA,NA,NA,NA,NA,NA,NA,NA,NA,"103246",NA,NA,"USDA-ARS",NA,NA,NA,NA,NA,"urn:uuid:46d3e3a1-1ff0-436b-b777-cf7331e00797","b870b19f-b0ea-4d3c-b3f0-53fbaf062e0c","Centris rhodopus","1972-04-08T01:00Z",NA,NA,NA,NA,"http://creativecommons.org/publicdomain/zero/1.0/",NA,NA,NA,NA,"https://scan-bugs.org:443/portal/collections/individual/index.php?occid=25284791",NA,NA,NA,NA,NA,NA,"25284791","Duplicate",NA,NA,"SCAN_Apidae",NA,TRUE,TRUE,TRUE,TRUE,"United states","US",TRUE,TRUE,TRUE,TRUE,TRUE,TRUE,NA,TRUE,TRUE,TRUE,TRUE,TRUE,TRUE,TRUE,TRUE,TRUE,TRUE,TRUE,TRUE,NA,"exact",TRUE,TRUE,TRUE,TRUE,FALSE
"Dorey_data_12709426","Centris rhodopus Cockerell, 1897","Apidae","Apinae","Centris",NA,NA,"Centris rhodopus","rhodopus",NA,NA,NA,"Cockerell, 1897",NA,NA,NA,NA,NA,NA,NA,NA,35.02,-114.83,"California",NA,"Searchlight, 30 mi S",NA,"SanBernardino",NA,NA,NA,NA,NA,NA,NA,"1966/04/21 00:00:00",NA,21,4,1966,"PRESERVED_SPECIMEN","United states",NA,NA,NA,"P.F. Torchio, R.W. Rust, N. Youssef",NA,NA,NA,NA,NA,NA,NA,NA,NA,"103381",NA,NA,"USDA-ARS",NA,NA,NA,NA,NA,"urn:uuid:cb24a5f7-62fe-4188-acdc-5aae659adf31","b870b19f-b0ea-4d3c-b3f0-53fbaf062e0c","Centris rhodopus","1966-04-21T01:00Z",NA,NA,NA,NA,"http://creativecommons.org/publicdomain/zero/1.0/",NA,NA,NA,NA,"https://scan-bugs.org:443/portal/collections/individual/index.php?occid=25285516",NA,NA,NA,NA,NA,NA,"25285516","Duplicate",NA,NA,"SCAN_Apidae",NA,TRUE,TRUE,TRUE,TRUE,"United states","US",TRUE,TRUE,TRUE,TRUE,TRUE,TRUE,NA,TRUE,TRUE,TRUE,TRUE,TRUE,TRUE,TRUE,TRUE,TRUE,TRUE,TRUE,TRUE,NA,"exact",TRUE,TRUE,TRUE,TRUE,FALSE
"Dorey_data_12709973","Centris rhodopus Cockerell, 1897","Apidae","Apinae","Centris",NA,NA,"Centris rhodopus","rhodopus",NA,NA,NA,"Cockerell, 1897",NA,NA,NA,NA,NA,NA,"T.L. Griswold 1995",NA,35,-115,"California",NA,"withheld",NA,"SanBernardino",NA,NA,NA,NA,NA,NA,NA,NA,NA,NA,NA,NA,"PRESERVED_SPECIMEN","United states",NA,NA,NA,"T.L. Griswold",NA,NA,NA,NA,NA,NA,NA,NA,NA,"104954",NA,NA,"USDA-ARS",NA,NA,NA,NA,NA,"urn:uuid:067a2de6-00e6-4e92-8ee6-e1498adabe51","b870b19f-b0ea-4d3c-b3f0-53fbaf062e0c","Centris rhodopus",NA,NA,NA,NA,NA,"http://creativecommons.org/publicdomain/zero/1.0/",NA,NA,NA,NA,"https://scan-bugs.org:443/portal/collections/individual/index.php?occid=25285096",NA,NA,NA,NA,NA,NA,"25285096","Duplicate",NA,NA,"SCAN_Apidae",NA,TRUE,TRUE,TRUE,TRUE,"United states","US",TRUE,TRUE,TRUE,TRUE,TRUE,TRUE,NA,TRUE,FALSE,TRUE,TRUE,TRUE,TRUE,TRUE,TRUE,TRUE,TRUE,TRUE,TRUE,NA,"exact",TRUE,FALSE,FALSE,TRUE,FALSE
"Dorey_data_12712072","Centris rhodopus Cockerell, 1897","Apidae","Apinae","Centris",NA,NA,"Centris rhodopus","rhodopus",NA,NA,NA,"Cockerell, 1897",NA,NA,NA,NA,NA,NA,NA,NA,35,-116,"California",NA,"withheld",NA,"SanBernardino",NA,NA,NA,NA,NA,NA,NA,NA,NA,NA,NA,NA,"PRESERVED_SPECIMEN","United states",NA,NA,NA,"T.L. Griswold",NA,NA,NA,NA,NA,NA,NA,NA,NA,"112404",NA,NA,"USDA-ARS",NA,NA,NA,NA,NA,"urn:uuid:b208f3ca-ad4d-4ddd-b017-47dc4f19aff7","b870b19f-b0ea-4d3c-b3f0-53fbaf062e0c","Centris rhodopus",NA,NA,NA,NA,NA,"http://creativecommons.org/publicdomain/zero/1.0/",NA,NA,NA,NA,"https://scan-bugs.org:443/portal/collections/individual/index.php?occid=25285038",NA,NA,NA,NA,NA,NA,"25285038","Duplicate",NA,NA,"SCAN_Apidae",NA,TRUE,TRUE,TRUE,TRUE,"United states","US",TRUE,TRUE,TRUE,TRUE,TRUE,TRUE,NA,TRUE,FALSE,TRUE,TRUE,TRUE,TRUE,TRUE,TRUE,TRUE,TRUE,TRUE,TRUE,NA,"exact",TRUE,FALSE,FALSE,TRUE,FALSE
"Dorey_data_12752810","Centris rhodopus Cockerell, 1897","Apidae","Apinae","Centris",NA,NA,"Centris rhodopus","rhodopus",NA,NA,NA,"Cockerell, 1897",NA,NA,NA,NA,NA,NA,"O.J. Messinger 1999",NA,36,-114,"Nevada",NA,"withheld",NA,"Clark",NA,NA,NA,NA,NA,NA,NA,NA,NA,NA,NA,NA,"PRESERVED_SPECIMEN","United states",NA,NA,NA,"O.J. Messinger, S. Messinger, C. Schultz",NA,NA,NA,NA,NA,NA,NA,NA,NA,"BBSL314172",NA,NA,"USDA-ARS",NA,NA,NA,NA,NA,"urn:uuid:43e37341-7dd9-480c-84c3-ac083ad8bd03","b870b19f-b0ea-4d3c-b3f0-53fbaf062e0c","Centris rhodopus",NA,NA,NA,NA,NA,"http://creativecommons.org/publicdomain/zero/1.0/",NA,NA,NA,NA,"https://scan-bugs.org:443/portal/collections/individual/index.php?occid=25285292",NA,NA,NA,NA,NA,NA,"25285292","Duplicate",NA,NA,"SCAN_Apidae",NA,TRUE,TRUE,TRUE,TRUE,"United states","US",TRUE,TRUE,TRUE,TRUE,TRUE,TRUE,NA,TRUE,FALSE,TRUE,TRUE,TRUE,TRUE,TRUE,TRUE,TRUE,TRUE,TRUE,TRUE,NA,"exact",TRUE,FALSE,FALSE,TRUE,FALSE
