database_id,scientificName,family,subfamily,genus,subgenus,subspecies,species,specificEpithet,infraspecificEpithet,acceptedNameUsage,taxonRank,scientificNameAuthorship,identificationQualifier,higherClassification,identificationReferences,typeStatus,previousIdentifications,verbatimIdentification,identifiedBy,dateIdentified,decimalLatitude,decimalLongitude,stateProvince,continent,locality,island,county,municipality,level0Gid,level0Name,level1Gid,level1Name,license,issue,eventDate,eventTime,day,month,year,basisOfRecord,country,type,occurrenceStatus,recordNumber,recordedBy,eventID,Location,samplingProtocol,samplingEffort,individualCount,organismQuantity,coordinatePrecision,coordinateUncertaintyInMeters,spatiallyValid,catalogNumber,gbifID,datasetID,institutionCode,datasetName,otherCatalogNumbers,occurrenceID,taxonKey,coreid,recordId,collectionID,verbatimScientificName,verbatimEventDate,associatedTaxa,associatedOrganisms,fieldNotes,sex,rights,rightsHolder,accessRights,associatedReferences,bibliographicCitation,references,informationWithheld,isDuplicateOf,hasCoordinate,hasGeospatialIssues,assertions,occurrenceYear,id,duplicateStatus,associatedOccurrences,locationRemarks,dataSource,verbatim_scientificName
Dorey_data_5861577,"Pseudoanthidium truncatum (Smith, 1854)",Megachilidae,Megachilinae,Pseudoanthidium,NA,NA,Pseudoanthidium truncatum,truncatum,NA,NA,SPECIES,"(Smith, 1854)",NA,NA,NA,HOLOTYPE,NA,NA,NA,NA,NA,NA,Kigoma,NA,NA,NA,NA,Ujiji,NA,NA,NA,NA,CC_BY_4_0,OCCURRENCE_STATUS_INFERRED_FROM_INDIVIDUAL_COUNT;TAXON_MATCH_HIGHERRANK;INSTITUTION_MATCH_FUZZY;COLLECTION_MATCH_NONE,1931-08-15T00:00:00Z,NA,15,8,1931,PRESERVED_SPECIMEN,NA,NA,PRESENT,NA,James Ogilvie,NA,NA,NA,NA,1,NA,NA,NA,NA,AMNH_IZC 00323864,2804786613,NA,AMNH,AMNH Hymenoptera,NA,85fb767f-1f99-482f-896c-69dce8b59097,6138454,NA,NA,NA,Pachyanthidium truncatum (Smith),8/15/1931,NA,NA,NA,FEMALE,NA,American Museum of Natural History,NA,NA,NA,NA,NA,NA,FALSE,FALSE,NA,NA,NA,Kept duplicate,NA,NA,GBIF_Megachilidae,NA
Dorey_data_10165552,"Macrotera arcuata (Fox, 1893)",Andrenidae,Panurginae,Macrotera,NA,NA,Macrotera arcuata,arcuata,NA,NA,NA,"(Fox, 1893)",NA,NA,NA,NA,NA,NA,NA,NA,NA,NA,Utah,NA,Leeds,NA,Washington,NA,NA,NA,NA,NA,NA,NA,1961-05-09T00:00:00Z,NA,9,5,1961,PreservedSpecimen,United states,NA,NA,NA,G.E. Bohart,NA,NA,NA,NA,NA,NA,NA,NA,NA,134602,NA,NA,USDA-ARS,NA,NA,658924587,NA,36ea338d-5f3a-4c19-9560-ddb4580ec4cf,NA,NA,Macrotera arcuata,NA,NA,NA,NA,NA,NA,NA,NA,NA,NA,NA,NA,NA,NA,NA,NA,NA,NA,Duplicate,NA,NA,iDigBio_andrenidae,NA
Dorey_data_10621475,"Xanthesma furcifera (Cockerell, 1913)",Colletidae,Euryglossinae,Xanthesma,NA,NA,Xanthesma furcifera,furcifera,NA,NA,NA,"(Cockerell, 1913)",NA,NA,NA,NA,NA,NA,T.L. Griswold 1991,NA,NA,NA,South Australia,NA,"Lameroo, 6.5 km W",NA,NA,NA,NA,NA,NA,NA,NA,NA,1982-01-14T00:00:00Z,NA,14,1,1982,PreservedSpecimen,Australia,NA,NA,NA,R.W. Thorp,NA,NA,NA,NA,NA,NA,NA,NA,NA,BBSL730638,NA,NA,USDA-ARS,NA,NA,659132560,NA,b3991342-f7bb-4f44-9c2a-ae2199af4b6c,NA,NA,Xanthesma furcifera,NA,NA,NA,NA,NA,NA,NA,NA,NA,NA,NA,NA,NA,NA,NA,NA,NA,NA,Duplicate,NA,NA,iDigBio_colletidae,NA
Dorey_data_11076793,"Exomalopsis solidaginis Cockerell, 1898",Apidae,Apinae,Exomalopsis,NA,NA,Exomalopsis solidaginis,solidaginis,NA,NA,NA,"Cockerell, 1898",NA,NA,NA,NA,NA,NA,NA,NA,NA,NA,California,NA,withheld,NA,SanBernardino,NA,NA,NA,NA,NA,NA,NA,1993-01-01T00:00:00Z,NA,1,1,1993,PreservedSpecimen,United states,NA,NA,NA,T.L. Griswold,NA,NA,NA,NA,NA,NA,NA,NA,NA,101736,NA,NA,USDA-ARS,NA,NA,658782272,NA,6094b3fd-93e3-468f-892d-cd204c4901fd,NA,NA,Exomalopsis solidaginis,NA,NA,NA,NA,NA,NA,NA,NA,NA,NA,NA,NA,NA,NA,NA,NA,NA,NA,Duplicate,NA,NA,iDigBio_apidae,NA
Dorey_data_10862636,"Osmia bicolor (Schrank, 1781)",Megachilidae,Megachilinae,Osmia,NA,NA,Osmia bicolor,bicolor,NA,NA,NA,"(Schrank, 1781)",NA,NA,NA,NA,NA,Osmia bicolor,NA,NA,NA,NA,Viken,NA,Solbergfjellet [Nature Reserve] [South-West],NA,Drammen,NA,NA,NA,NA,NA,NA,NA,2010-04-09T00:00:00Z,NA,9,4,2010,Preservedspecimen,Norway,NA,NA,NA,Lars Ove Hansen,NA,NA,Pan trap,NA,1,NA,NA,NA,NA,55291,NA,NA,NHMO,NA,NA,urn:catalog:NHMO:ENT:55291,NA,0e04d9c2-eb92-4b19-b16d-e15092992aed,NA,NA,Osmia bicolor,NA,NA,NA,NA,1u,NA,NA,NA,NA,NA,NA,NA,NA,NA,NA,NA,NA,NA,Duplicate,NA,NA,iDigBio_megachilidae,NA
Paige_data_578468,"Augochlorella aurata (Smith, 1853)",Halictidae,Halictinae,Augochlorella,NA,NA,Augochlorella aurata,aurata,NA,NA,SPECIES,"(Smith, 1853)",NA,NA,NA,NA,NA,NA,NA,NA,41.40639,-74.01544,New York,NA,"Cornwall, Black Rock Forest, UTM 18-4584339N 582292E",NA,Orange Co.,NA,USA,United States,USA.33_1,New York,CC_BY_4_0,OCCURRENCE_STATUS_INFERRED_FROM_INDIVIDUAL_COUNT;GEODETIC_DATUM_ASSUMED_WGS84;INSTITUTION_MATCH_FUZZY;COLLECTION_MATCH_NONE,2003-09-30T00:00:00Z,NA,30,9,2003,PRESERVED_SPECIMEN,United states,NA,PRESENT,NA,J. G. Rozen & Valerie Giles,NA,NA,Pan Trap,NA,1,NA,NA,NA,NA,AMNH_BEE 00184511,2804767874,NA,AMNH,AMNH Hymenoptera,NA,85d962fe-d8e1-11e2-99a2-0026552be7ea,1352579,NA,NA,NA,Augochlorella aurata,9/30/2003,NA,NA,NA,FEMALE,NA,American Museum of Natural History,NA,NA,NA,NA,NA,NA,TRUE,FALSE,NA,NA,NA,Kept duplicate,NA,NA,GBIF_Halictidae,NA
Dorey_data_5622826,"Megachile apicata Smith, 1853",Megachilidae,Megachilinae,Megachile,NA,NA,Megachile apicata,apicata,NA,NA,SPECIES,"Smith, 1853",NA,NA,NA,NA,NA,NA,NA,NA,-23.7,133.866667,Northern Territory,NA,Northern Territory Alice Springs 15 10 1994,NA,NA,NA,AUS,Australia,AUS.6_1,Northern Territory,CC_BY_4_0,NA,1994-10-15T00:00:00Z,NA,15,10,1994,OCCURRENCE,Australia,NA,PRESENT,HYM 43217,NA,NA,NA,NA,NA,NA,NA,NA,NA,NA,NA,1655707387,NA,NA,NA,NA,06afb63d-cdce-4069-ab32-eed79e310039,1335640,NA,NA,NA,"Megachile apicata Smith, 1853",NA,host:,NA,NA,NA,NA,NA,NA,NA,NA,NA,NA,NA,TRUE,FALSE,NA,NA,NA,Unique,NA,NA,GBIF_Megachilidae,NA
Dorey_data_2194896,"Trigona dallatorreana Friese, 1900",Apidae,Apinae,Trigona,NA,NA,Trigona dallatorreana,dallatorreana,NA,NA,SPECIES,"Friese, 1900",NA,NA,NA,NA,NA,NA,NA,NA,1.198333,-70.173333,Vaupes,NA,Mitu,NA,NA,NA,COL,Colombia,COL.31_1,Vaupés,CC_BY_4_0,OCCURRENCE_STATUS_INFERRED_FROM_INDIVIDUAL_COUNT;GEODETIC_DATUM_ASSUMED_WGS84;INSTITUTION_MATCH_FUZZY;COLLECTION_MATCH_NONE,1990-09-01T00:00:00Z,NA,NA,9,1990,PRESERVED_SPECIMEN,Colombia,NA,PRESENT,NA,L. E. Pena,NA,NA,Netting,NA,1,NA,NA,NA,NA,AMNH_BEE 00044938,2804716582,NA,AMNH,AMNH Hymenoptera,NA,83e246c8-d8e1-11e2-99a2-0026552be7ea,5040806,NA,NA,NA,"Trigona dallatorreana Friese, 1900",7/9/1990,NA,NA,NA,FEMALE,NA,American Museum of Natural History,NA,NA,NA,NA,NA,NA,TRUE,FALSE,NA,NA,NA,Kept duplicate,NA,NA,GBIF_Apidae,NA
Dorey_data_4277558,"Habropoda miserabilis (Cresson, 1878)",Apidae,Apinae,Habropoda,NA,NA,Habropoda miserabilis,miserabilis,NA,NA,SPECIES,"(Cresson, 1878)",NA,NA,NA,NA,NA,NA,"Brooks, Robert",NA,NA,NA,California,NORTH_AMERICA,Jalama Beach,NA,Santa Barbara,NA,NA,NA,NA,NA,CC_BY_4_0,COLLECTION_MATCH_FUZZY,1966-04-23T00:00:00Z,NA,23,4,1966,PRESERVED_SPECIMEN,NA,NA,PRESENT,NA,"Langston, R",NA,NA,NA,NA,NA,NA,NA,NA,NA,1364590,1092732300,NA,KU,Snow Entomological Museum Collection,NA,f3fb1f8d-b1c5-4114-97b3-a35c3ac4f61c,1345237,NA,NA,NA,"Habropoda miserabilis (Cresson, 1879)",NA,NA,NA,NA,NA,NA,NA,http://biodiversity.ku.edu/research/university-kansas-biodiversity-institute-data-publication-and-use-norms,NA,NA,NA,NA,NA,FALSE,FALSE,NA,NA,NA,Kept duplicate,NA,NA,GBIF_Apidae,NA
Dorey_data_8096032,"Lasioglossum sexstrigatum (Schenck, 1869)",Halictidae,Halictinae,Lasioglossum,NA,NA,Lasioglossum sexstrigatum,sexstrigatum,NA,NA,SPECIES,"(Schenck, 1869)",NA,Hymenoptera|Halictidae,NA,NA,NA,NA,det. H. Wiering,NA,NA,NA,NA,NA,"Utrecht, Lageweidse dijk",NA,NA,NA,NA,NA,NA,NA,CC0_1_0,OCCURRENCE_STATUS_INFERRED_FROM_INDIVIDUAL_COUNT;TAXON_MATCH_FUZZY;AMBIGUOUS_INSTITUTION,1955-07-31T00:00:00Z,NA,31,7,1955,PRESERVED_SPECIMEN,NA,NA,PRESENT,NA,H. Wiering.,NA,NA,NA,NA,1,NA,NA,NA,NA,ZMA.INS.854817,2443812467,NA,NA,NA,NA,https://data.biodiversitydata.nl/naturalis/specimen/ZMA.INS.854817,1354952,NA,NA,NA,"Lasioglossum sexstrigatum (Schenck, 1870)",31-VII-1955,NA,NA,NA,MALE,NA,Naturalis Biodiversity Center,NA,NA,NA,NA,NA,NA,FALSE,FALSE,NA,NA,NA,Unique,NA,NA,GBIF_Halictidae,NA
Dorey_data_11133610,"Bombus bohemicus (Seidl, 1838)",Apidae,Apinae,Bombus,NA,NA,Bombus bohemicus,bohemicus,NA,NA,species,"(Seidl, 1838)",NA,Hymenoptera|Apidae,NA,NA,NA,NA,Roos M.,NA,NA,NA,Gelderland,NA,"Beek, bij Nijmegen",NA,NA,NA,NA,NA,NA,NA,NA,NA,1946-05-01T00:00:00Z,NA,1,5,1946,PreservedSpecimen,"Bonaire, saint eustatius and saba",NA,NA,NA,Verhoeff P.M.F.,NA,NA,NA,NA,1,NA,NA,NA,NA,ZMA.INS.618449,NA,NA,NA,NA,NA,https://data.biodiversitydata.nl/naturalis/specimen/ZMA.INS.618449,NA,f2c62d27-92e4-4548-947d-26cce8a2a241,NA,NA,"Bombus (Psithyrus) bohemicus Seidl, 1837",1-5-1946,NA,NA,NA,female,NA,NA,NA,NA,NA,NA,NA,NA,NA,NA,NA,NA,NA,Duplicate,NA,NA,iDigBio_apidae,NA
Dorey_data_12067726,"Bombus lapidarius (Linnaeus, 1758)",Apidae,Apinae,Bombus,NA,NA,Bombus lapidarius,lapidarius,NA,NA,subspecies,"(Linnaeus, 1758)",NA,Hymenoptera|Apidae,NA,NA,NA,NA,NA,NA,NA,NA,NA,NA,Klanxb?ll,NA,NA,NA,NA,NA,NA,NA,NA,NA,1938-09-03T00:00:00Z,NA,3,9,1938,PreservedSpecimen,Germany,NA,NA,NA,NA,NA,NA,NA,NA,1,NA,NA,NA,NA,ZMA.INS.826785,NA,NA,NA,NA,NA,https://data.biodiversitydata.nl/naturalis/specimen/ZMA.INS.826785,NA,20c990cd-1f9b-47c1-91fb-eea69223878a,NA,NA,"Bombus (Melanobombus) lapidarius lapidarius Linnaeus, 1758",3.9.38,NA,NA,NA,male,NA,NA,NA,NA,NA,NA,NA,NA,NA,NA,NA,NA,NA,Duplicate,NA,NA,iDigBio_apidae,NA
Dorey_data_13814561,"Svastra duplocincta (Cockerell, 1905)",Apidae,Apinae,Svastra,NA,NA,Svastra duplocincta,duplocincta,NA,NA,NA,"(Cockerell, 1905)",NA,NA,NA,NA,NA,NA,NA,NA,NA,NA,Arizona,NA,Tucson Airport,NA,Pima Co.,NA,NA,NA,NA,NA,NA,NA,2009-08-30T00:00:00Z,NA,30,8,2009,PreservedSpecimen,United states,NA,NA,NA,J. S. Ascher,NA,NA,Netting,NA,1,NA,NA,NA,NA,AMNH_BEE 00149848,NA,NA,AMNH,NA,NA,8566d720-d8e1-11e2-99a2-0026552be7ea,NA,NA,urn:uuid:aa9e4fa7-bda0-48fe-b57d-9e896679c819,66acc5ec-da39-42c7-811a-824c25f96161,"Svastra duplocincta Cockerell, 1905",8/30/2009,NA,NA,NA,Female,http://creativecommons.org/licenses/by-nc/4.0/,AMNH,Not-for-profit use only,NA,NA,https://scan-bugs.org:443/portal/collections/individual/index.php?occid=49477280,NA,NA,NA,NA,NA,NA,49477280,Duplicate,NA,NA,SCAN_Apidae,NA
Dorey_data_15555860,"Agapostemon femoratus Crawford, 1901",Halictidae,Halictinae,Agapostemon,NA,NA,Agapostemon femoratus,femoratus,NA,NA,NA,"Crawford, 1901",NA,NA,NA,NA,NA,NA,"Roberts, R",1967,NA,NA,Utah,NA,Curley Valley,NA,NA,NA,NA,NA,NA,NA,NA,NA,1949-08-24T00:00:00Z,NA,24,8,1949,PreservedSpecimen,United states,NA,NA,NA,"Knowlton, George",NA,NA,NA,NA,NA,NA,NA,NA,NA,495099,NA,NA,KU,NA,NA,25158400-1ed6-11e3-bfac-90b11c41863e,NA,NA,urn:uuid:d0bcadb0-6079-457e-8a22-6e7e8155805d,c45886f1-3524-42f4-a113-4e4e193505a8,Agapostemon (Agapostemon) femoratus,1949-8-24,Cleome,NA,NA,M,http://creativecommons.org/publicdomain/zero/1.0/,The University of Kansas Natural History Museum,NA,NA,NA,https://scan-bugs.org:443/portal/collections/individual/index.php?occid=15585170,NA,NA,NA,NA,NA,NA,15585170,Duplicate,NA,NA,SCAN_Halictidae,NA
Dorey_data_12578317,"Melissodes tintinnans (Holmberg, 1884)",Apidae,Apinae,Melissodes,NA,NA,Melissodes tintinnans,tintinnans,NA,NA,NA,"(Holmberg, 1884)",NA,NA,NA,NA,NA,NA,NA,2007,NA,NA,Buenos Aires,NA,Dpto. Puan Felipe Sola,NA,NA,NA,NA,NA,NA,NA,NA,NA,1938-02-13T00:00:00Z,NA,13,2,1938,PreservedSpecimen,Argentina,NA,NA,NA,M.M. Senkute,NA,NA,NA,NA,1,NA,NA,NA,NA,INHS Insect Collection 343610,NA,NA,INHS,NA,NA,85311084-bc68-4ff4-91b9-ccb70a344030,NA,NA,urn:uuid:a752d4f8-0ce5-4dee-8cb8-51fed55bb1dc,d93d943b-2390-4e2c-9050-11a9ec9a2a96,Melissodes tintinnans,1938-2-13,NA,NA,NA,NA,http://creativecommons.org/licenses/by-nc/4.0/,NA,NA,NA,NA,https://scan-bugs.org:443/portal/collections/individual/index.php?occid=61353163,NA,NA,NA,NA,NA,NA,61353163,Duplicate,NA,NA,SCAN_Apidae,NA
Dorey_data_16704162,"Trigona spinipes (Fabricius, 1793)",Apidae,Apinae,Trigona,NA,NA,Trigona spinipes,spinipes,NA,NA,NA,"(Fabricius, 1793)",NA,NA,NA,NA,NA,NA,Camargo,2005,NA,NA,São Paulo,NA,Fazenda Santa Carlota,NA,NA,Cajurú,NA,NA,NA,NA,NA,NA,1989-04-21T00:00:00Z,NA,21,4,1989,PreservedSpecimen,Brazil,NA,NA,NA,S.R.M.Pedro,NA,NA,NA,NA,NA,NA,NA,NA,NA,FLG-3493,NA,NA,USP-RP,NA,NA,BRA:USP-RP:RPSP:FLG-3493,NA,NA,urn:uuid:2e43f559-6391-44f7-9512-fa8628a0b104,20161031-4d22-4001-976d-dcf11874a52e,Trigona spinipes,1989-04-21,NA,NA,NA,female,http://creativecommons.org/licenses/by-nc/4.0/,"J.M.F. Camargo, FFCLRP/USP",NA,NA,NA,https://scan-bugs.org:443/portal/collections/individual/index.php?occid=60029034,NA,NA,NA,NA,NA,NA,60029034,Duplicate,NA,NA,SCAN_Apidae,NA
Dorey_data_3180550,"Nannotrigona melanocera (Schwarz, 1938)",Apidae,Apinae,Nannotrigona,NA,NA,Nannotrigona melanocera,melanocera,NA,NA,SPECIES,"(Schwarz, 1938)",NA,NA,NA,NA,NA,NA,NA,NA,NA,NA,Meta,NA,NA,NA,NA,NA,NA,NA,NA,NA,CC0_1_0,OCCURRENCE_STATUS_INFERRED_FROM_INDIVIDUAL_COUNT,NA,NA,NA,NA,NA,MATERIAL_CITATION,NA,NA,PRESENT,NA,Villavicencio & Universidad & A. Pulido & D. Triana,NA,NA,NA,NA,1,NA,NA,NA,NA,LABUN26604,2465037432,NA,NA,NA,NA,03EC87AF3179FFCB50CA05CCA89E3788.mc.3B2D3CE43177FFCB52890249A9923764,1344759,NA,NA,NA,"Nannotrigona melanocera (Schwarz, 1938)",NA,NA,NA,NA,MALE,NA,NA,NA,NA,NA,http://treatment.plazi.org/id/03EC87AF3179FFCB50CA05CCA89E3788,NA,NA,FALSE,FALSE,NA,NA,NA,Unique,NA,NA,GBIF_Apidae,NA
Dorey_data_4691171,"Bombus campestris (Panzer, 1801)",Apidae,Apinae,Bombus,NA,NA,Bombus campestris,campestris,NA,NA,SPECIES,"(Panzer, 1801)",NA,Hymenoptera|Apidae,NA,NA,NA,NA,NA,NA,NA,NA,Vaud,NA,"Les Chevalleyres, Près-Vevey",NA,NA,NA,NA,NA,NA,NA,CC0_1_0,OCCURRENCE_STATUS_INFERRED_FROM_INDIVIDUAL_COUNT;TAXON_MATCH_HIGHERRANK;AMBIGUOUS_INSTITUTION,1911-07-12T00:00:00Z,NA,12,7,1911,PRESERVED_SPECIMEN,NA,NA,PRESENT,NA,NA,NA,NA,NA,NA,1,NA,NA,NA,NA,ZMA.INS.646816,2443343543,NA,NA,NA,NA,https://data.biodiversitydata.nl/naturalis/specimen/ZMA.INS.646816,1340527,NA,NA,NA,"Bombus campestris (Panzer, 1801)",12-28-7-1911,NA,NA,NA,MALE,NA,Naturalis Biodiversity Center,NA,NA,NA,NA,NA,NA,FALSE,FALSE,NA,NA,NA,Unique,NA,NA,GBIF_Apidae,NA
Dorey_data_5580202,"Osmia cornifrons (Radoszkowski, 1887)",Megachilidae,Megachilinae,Osmia,NA,NA,Osmia cornifrons,cornifrons,NA,NA,SPECIES,"(Radoszkowski, 1887)",NA,Animalia|Arthropoda|Insecta|Hymenoptera|Megachilidae|Osmia|Osmia|cornifrons,NA,NA,NA,NA,NA,NA,NA,NA,Chiba,NA,NA,NA,Matsudo-shi,NA,NA,NA,NA,NA,CC_BY_4_0,INSTITUTION_MATCH_FUZZY;COLLECTION_MATCH_NONE,1960-05-01T00:00:00Z,NA,1,5,1960,PRESERVED_SPECIMEN,NA,text,PRESENT,NA,NA,NA,NA,NA,NA,NA,NA,NA,NA,NA,15714,1934300188,NA,NSMT,NA,NA,33893831-74e9-4702-9748-e466238eb4b5,5039354,NA,NA,NA,"Osmia cornifrons (Radoszkowski, 1887)",NA,NA,NA,NA,MALE,NA,NA,NA,NA,NA,http://db.kahaku.go.jp/webmuseum_en/detail?cls=col_a3_08&pkey=NSMT-I-Hym%2C15714,NA,NA,FALSE,FALSE,NA,NA,NA,Unique,NA,NA,GBIF_Megachilidae,NA
Dorey_data_8125678,"Lasioglossum leucopus (Kirby, 1802)",Halictidae,Halictinae,Lasioglossum,NA,NA,Lasioglossum leucopus,leucopus,NA,NA,SPECIES,"(Kirby, 1802)",NA,Hymenoptera|Halictidae,NA,NA,NA,NA,NA,NA,NA,NA,Limburg,NA,Schin op Geul,NA,NA,NA,NA,NA,NA,NA,CC0_1_0,AMBIGUOUS_INSTITUTION,1924-09-02T00:00:00Z,NA,2,9,1924,PRESERVED_SPECIMEN,NA,NA,PRESENT,NA,coll. Blöte,NA,NA,NA,NA,NA,NA,NA,NA,NA,RMNH.INS.821500,2443241596,NA,NA,NA,NA,https://data.biodiversitydata.nl/naturalis/specimen/RMNH.INS.821500,1353834,NA,NA,NA,"Lasioglossum leucopus (Kirby, 1802)",2-IX-1924,NA,NA,NA,MALE,NA,Naturalis Biodiversity Center,NA,NA,NA,NA,NA,NA,FALSE,FALSE,NA,NA,NA,Kept duplicate,NA,NA,GBIF_Halictidae,NA
Dorey_data_13814667,"Melissodes tristis Cockerell, 1894",Apidae,Apinae,Melissodes,NA,NA,Melissodes tristis,tristis,NA,NA,NA,"Cockerell, 1894",NA,NA,NA,NA,NA,NA,NA,NA,NA,NA,Arizona,NA,"Southwestern Research Station (SWRS), 5 mi W of Portal",NA,Cochise Co.,NA,NA,NA,NA,NA,NA,NA,1956-10-05T00:00:00Z,NA,5,10,1956,PreservedSpecimen,United states,NA,NA,NA,E. Ordway,NA,NA,Netting,NA,1,NA,NA,NA,NA,AMNH_BEE 00150342,NA,NA,AMNH,NA,NA,85670894-d8e1-11e2-99a2-0026552be7ea,NA,NA,urn:uuid:07d8c6f5-4f87-4452-aa58-c561aafd256d,66acc5ec-da39-42c7-811a-824c25f96161,"Melissodes tristis Cockerell, 1894",10/5/1956,NA,NA,NA,Female,http://creativecommons.org/licenses/by-nc/4.0/,AMNH,Not-for-profit use only,NA,NA,https://scan-bugs.org:443/portal/collections/individual/index.php?occid=49667267,NA,NA,NA,NA,NA,NA,49667267,Duplicate,NA,NA,SCAN_Apidae,NA
Dorey_data_15004947,"Osmia pumila Cresson, 1864",Megachilidae,Megachilinae,Osmia,NA,NA,Osmia pumila,pumila,NA,NA,NA,"Cresson, 1864",NA,NA,NA,NA,NA,NA,NA,NA,NA,NA,Minnesota,NA,2 mi W of Wabasha,NA,Wabasha Co.,NA,NA,NA,NA,NA,NA,NA,1962-05-30T00:00:00Z,NA,30,5,1962,PreservedSpecimen,United states,NA,NA,NA,J. R. Powers,NA,NA,Netting,NA,1,NA,NA,NA,NA,AMNH_BEE 00099924,NA,NA,AMNH,NA,NA,84cdee48-d8e1-11e2-99a2-0026552be7ea,NA,NA,urn:uuid:729866b7-8dce-480c-b3dd-e39e227629fd,66acc5ec-da39-42c7-811a-824c25f96161,"Osmia pumila Cresson, 1864",5/30/1962,NA,NA,NA,Female,http://creativecommons.org/licenses/by-nc/4.0/,AMNH,Not-for-profit use only,NA,NA,https://scan-bugs.org:443/portal/collections/individual/index.php?occid=49489781,NA,NA,NA,NA,NA,NA,49489781,Duplicate,NA,NA,SCAN_Megachilidae,NA
Dorey_data_5037210,"Zadontomerus Ashmead, 1899",Apidae,NA,Zadontomerus,NA,NA,NA,NA,NA,NA,GENUS,NA,NA,NA,NA,NA,NA,NA,NA,NA,NA,NA,San Luis Potosi,SOUTH_AMERICA,"Platanito, hwy 80 km 141, W",NA,NA,NA,NA,NA,NA,NA,CC_BY_4_0,COLLECTION_MATCH_FUZZY,1990-07-27T00:00:00Z,NA,27,7,1990,PRESERVED_SPECIMEN,NA,NA,PRESENT,NA,Bell & Yarom,NA,NA,NA,NA,NA,NA,NA,NA,NA,1212112,894558971,NA,KU,Snow Entomological Museum Collection,NA,e321b13b-2028-4938-b6b3-5b1c2c666805,4578242,NA,NA,NA,Ceratina (Zadontomerus),NA,NA,NA,NA,NA,NA,NA,http://biodiversity.ku.edu/research/university-kansas-biodiversity-institute-data-publication-and-use-norms,NA,NA,NA,NA,NA,FALSE,FALSE,NA,NA,NA,Kept duplicate,NA,NA,GBIF_Apidae,NA
Dorey_data_11128883,"Bombus (Pyrobombus) hypnorum ericetorum (Panzer, 1801)",Apidae,NA,Bombus,Pyrobombus,NA,NA,hypnorum,ericetorum,NA,subspecies,"(Panzer, 1801)",NA,Hymenoptera|Apidae,NA,NA,NA,NA,NA,NA,NA,NA,NA,NA,Berlin-Buch,NA,NA,NA,NA,NA,NA,NA,NA,NA,1936-07-03T02:36:07Z,NA,3,7,1936,PreservedSpecimen,Germany,NA,NA,NA,NA,NA,NA,NA,NA,NA,NA,NA,NA,NA,ZMA.INS.756554,NA,NA,NA,NA,NA,https://data.biodiversitydata.nl/naturalis/specimen/ZMA.INS.756554,NA,b94dcf8f-1fa3-4490-b914-557ebf29ebb1,NA,NA,NA,VII.36,NA,NA,NA,male,NA,NA,NA,NA,NA,NA,NA,NA,NA,NA,NA,NA,NA,Unique,NA,NA,iDigBio_apidae,NA
Dorey_data_12021473,"Bombus (Thoracobombus) pascuorum septentrionalis Vogt, 1909",Apidae,NA,Bombus,Thoracobombus,NA,NA,pascuorum,septentrionalis,NA,subspecies,"Vogt, 1909",NA,Hymenoptera|Apidae,NA,NA,NA,NA,NA,NA,NA,NA,Scotland,NA,Thurso,NA,NA,NA,NA,NA,NA,NA,NA,NA,1910-08-12T00:00:00Z,NA,12,8,1910,PreservedSpecimen,United kingdom,NA,NA,NA,NA,NA,NA,NA,NA,1,NA,NA,NA,NA,ZMA.INS.684242,NA,NA,NA,NA,NA,https://data.biodiversitydata.nl/naturalis/specimen/ZMA.INS.684242,NA,d15bf3d8-5f88-49f3-893c-825e9c4daaa8,NA,NA,NA,12-8-1910,NA,NA,NA,female,NA,NA,NA,NA,NA,NA,NA,NA,NA,NA,NA,NA,NA,Unique,NA,NA,iDigBio_apidae,NA
Dorey_data_15654128,Halictidae,Halictidae,NA,NA,NA,NA,NA,NA,NA,NA,NA,"Thomson, 1869",NA,NA,NA,NA,NA,NA,NA,2007,NA,NA,NA,NA,"1 Km N of Jct. Highway 95, and Neds Creek Road",NA,NA,NA,NA,NA,NA,NA,NA,NA,NA,NA,NA,NA,NA,PreservedSpecimen,NA,NA,NA,NA,"M.E. Irwin, E.I. Schlinger",NA,NA,NA,NA,1,NA,NA,NA,NA,INHS Insect Collection 316226,NA,NA,INHS,NA,NA,e42bf690-0092-4198-8222-33e9a28af42c,NA,NA,urn:uuid:4cf6f7e3-f001-4cb8-9174-b1092149d510,d93d943b-2390-4e2c-9050-11a9ec9a2a96,NA,NA,NA,NA,NA,NA,http://creativecommons.org/licenses/by-nc/4.0/,NA,NA,NA,NA,https://scan-bugs.org:443/portal/collections/individual/index.php?occid=61276087,NA,NA,NA,NA,NA,NA,61276087,Duplicate,NA,NA,SCAN_Halictidae,NA
Dorey_data_10104519,"Perdita bishoppi Cockerell, 1906",Andrenidae,Panurginae,Perdita,NA,NA,Perdita bishoppi,bishoppi,NA,NA,NA,"Cockerell, 1906",NA,NA,NA,NA,NA,NA,"Timberlake, P",NA,49.85,-112.73,Alberta,Nearctic,"Picture Butte, 3 mi SE",NA,NA,NA,NA,NA,NA,NA,NA,NA,1978-08-06T00:00:00Z,NA,6,8,1978,PreservedSpecimen,Canada,NA,NA,NA,"Michener, Charles",NA,NA,NA,NA,NA,NA,NA,NA,NA,290613,NA,NA,KU,Snow Entomological Museum Collection,NA,207b8e36-1ed6-11e3-bfac-90b11c41863e,NA,07eef054-8735-4d95-b8dc-d1c0b3c181b8,NA,NA,Perdita (Perdita),NA,Solidago missouriensis,NA,NA,M,NA,NA,NA,NA,NA,NA,NA,NA,NA,NA,NA,NA,NA,Duplicate,NA,NA,iDigBio_andrenidae,NA
Dorey_data_16513876,"Melissodes lupinus Cresson, 1878",Apidae,Apinae,Melissodes,NA,NA,Melissodes lupinus,lupinus,NA,NA,NA,"Cresson, 1878",NA,NA,NA,NA,NA,NA,H. Ikerd 2007,NA,38,-119,California,NA,withheld,NA,Madera,NA,NA,NA,NA,NA,NA,NA,NA,NA,NA,NA,NA,PRESERVED_SPECIMEN,United states,NA,NA,NA,E. Stephens,NA,NA,NA,NA,NA,NA,NA,NA,NA,YOSE165369,NA,NA,USDA-ARS,NA,NA,NA,NA,NA,urn:uuid:c64027e7-146e-4426-9ee9-b3fc35896760,b870b19f-b0ea-4d3c-b3f0-53fbaf062e0c,Melissodes lupina,NA,NA,NA,NA,NA,http://creativecommons.org/publicdomain/zero/1.0/,NA,NA,NA,NA,https://scan-bugs.org:443/portal/collections/individual/index.php?occid=25468852,NA,NA,NA,NA,NA,NA,25468852,Duplicate,NA,NA,SCAN_Apidae,NA
Dorey_data_664973,"Trichotrigona camargoiana Pedro and Cordeiro, 2015",Apidae,Apinae,Trichotrigona,NA,NA,Trichotrigona camargoiana,camargoiana,NA,NA,SPECIES,"Pedro and Cordeiro, 2015",NA,NA,NA,PARATYPE,NA,NA,NA,NA,-8.783333,-63.733333,Rondônia,NA,"3,5km W margem esquerda do Rio Candeias",NA,NA,Candeias do Jamari,BRA,Brazil,BRA.22_1,Rondônia,CC_BY_NC_4_0,GEODETIC_DATUM_ASSUMED_WGS84;INSTITUTION_MATCH_NONE,2011-04-17T00:00:00Z,NA,17,4,2011,PRESERVED_SPECIMEN,Brazil,Collection,PRESENT,NA,Pedro & Cordeiro,NA,NA,NA,NA,NA,NA,NA,NA,NA,905C- 011,1949806936,NA,USP-RP,"RPSP - Coleção Entomológica “Prof. J.M.F. Camargo”, FFCLRP/USP",NA,BRA:USP-RP:RPSP:905C-011,8495749,NA,NA,NA,"Trichotrigona camargoiana Pedro & Cordeiro, 2015",NA,NA,NA,NA,FEMALE,NA,"RPSP - Coleção Entomológica “Prof. J.M.F. Camargo”, FFCLRP/USP",NA,NA,NA,NA,NA,NA,TRUE,FALSE,NA,NA,NA,Duplicate,NA,NA,GBIF_Apidae,NA
Dorey_data_1289164,"Bombus cingulatus Wahlberg, 1854",Apidae,Apinae,Bombus,NA,NA,Bombus cingulatus,cingulatus,NA,NA,SPECIES,"Wahlberg, 1854",NA,NA,NA,NA,NA,NA,NA,NA,63.869814,9.956779,Trøndelag,NA,Lysøysundet,NA,NA,Ørland,NOR,Norway,NOR.15_1,Sør-Trøndelag,CC_BY_4_0,COORDINATE_ROUNDED;FOOTPRINT_SRS_INVALID,2021-07-04T00:00:00Z,2021-07-04 15:53:00/2021-07-04 15:56:00,4,7,2021,HUMAN_OBSERVATION,Norway,Event,ABSENT,NA,NA,00602d13-ab73-4447-91aa-f96e214f4949,NA,Sweep netting,NA,0,NA,NA,25,NA,NA,3742489531,NA,NA,NA,NA,d38f07f1-94aa-4469-b122-0a6191618507,1340509,NA,NA,NA,"Bombus cingulatus Wahlberg, 1855",NA,NA,NA,NA,NA,NA,NA,NA,NA,NA,NA,NA,NA,TRUE,FALSE,NA,NA,NA,Unique,NA,In the original data this is known as transect: 1936-6,GBIF_Apidae,NA
Paige_data_1817981,"Melecta thoracica Cresson, 1875",Apidae,Apinae,Melecta,NA,NA,Melecta thoracica,thoracica,NA,NA,SPECIES,"Cresson, 1875",NA,NA,NA,NA,NA,NA,T.L. Griswold 2000,NA,37.2851,-111.8878,Utah,NA,withheld,NA,Kane,NA,USA,United States,USA.45_1,Utah,CC_BY_4_0,RECORDED_DATE_INVALID;GEODETIC_DATUM_ASSUMED_WGS84;INSTITUTION_MATCH_NONE,NA,NA,NA,NA,NA,PRESERVED_SPECIMEN,United states,NA,PRESENT,NA,R. Sellars,NA,NA,NA,NA,NA,NA,NA,NA,NA,BBSL366460,658942953,NA,USDA-ARS,NA,NA,658942953,1345325,NA,NA,NA,Melecta thoracica,NA,NA,NA,NA,NA,NA,NA,NA,NA,NA,NA,NA,NA,TRUE,FALSE,NA,NA,NA,Duplicate,NA,NA,GBIF_Apidae,NA
Paige_data_850222,"Bombus impatiens Cresson, 1863",Apidae,Apinae,Bombus,NA,NA,Bombus impatiens,impatiens,NA,NA,SPECIES,"Cresson, 1863",NA,NA,NA,NA,NA,NA,Claire O'Neill,2018-07-27T17:08:38,42.36955,-71.14429,Massachusetts,NA,NA,NA,NA,NA,USA,United States,USA.22_1,Massachusetts,CC_BY_NC_4_0,NA,2018-07-27T09:46:00Z,19:46:00Z,27,7,2018,HUMAN_OBSERVATION,United states,NA,PRESENT,NA,Claire O'Neill,NA,NA,NA,NA,NA,NA,NA,NA,NA,14792670,2237415185,NA,iNaturalist,iNaturalist research-grade observations,NA,https://www.inaturalist.org/observations/14792670,1340350,NA,NA,NA,Bombus impatiens,2018/07/27 9:46 AM HST,NA,NA,NA,NA,NA,Claire O'Neill,NA,NA,NA,https://www.inaturalist.org/observations/14792670,NA,NA,TRUE,FALSE,NA,NA,NA,Kept duplicate,NA,NA,GBIF_Apidae,NA
Paige_data_972502,"Bombus pensylvanicus (De Geer, 1773)",Apidae,Apinae,Bombus,NA,NA,Bombus pensylvanicus,pensylvanicus,NA,NA,SPECIES,"(De Geer, 1773)",NA,NA,NA,NA,NA,NA,John Ascher,2018-01-25T00:29:09,33.06052,-96.96245,Texas,NA,NA,NA,NA,NA,USA,United States,USA.44_1,Texas,CC_BY_NC_4_0,COORDINATE_ROUNDED,2013-08-25T08:33:00Z,13:33:00Z,25,8,2013,HUMAN_OBSERVATION,United states,NA,PRESENT,NA,Denver Kramer,NA,NA,NA,NA,NA,NA,NA,29012,NA,5629210,1836683288,NA,iNaturalist,iNaturalist research-grade observations,NA,https://www.inaturalist.org/observations/5629210,1340416,NA,NA,NA,Bombus pensylvanicus,2013/08/25 8:33 AM CDT,NA,NA,NA,NA,NA,Denver Kramer,NA,NA,NA,https://www.inaturalist.org/observations/5629210,NA,NA,TRUE,FALSE,NA,NA,NA,Kept duplicate,NA,NA,GBIF_Apidae,NA
Dorey_data_4531385,"Bombus hypnorum (Linnaeus, 1758)",Apidae,Apinae,Bombus,NA,NA,Bombus hypnorum,hypnorum,NA,NA,GENUS,"(Linnaeus, 1758)",NA,NA,NA,NA,NA,NA,NA,NA,64.087736,11.757863,Trøndelag,NA,Binde,NA,NA,Steinkjer,NOR,Norway,NOR.9_1,Nord-Trøndelag,CC_BY_4_0,COORDINATE_ROUNDED;FOOTPRINT_SRS_INVALID,2021-08-10T00:00:00Z,2021-08-10 16:19:00/2021-08-10 16:22:00,10,8,2021,HUMAN_OBSERVATION,Norway,Event,ABSENT,NA,NA,6e7f6967-b6e2-469a-b2e9-014a1b5fabf0,NA,Sweep netting,NA,0,NA,NA,25,NA,NA,3742530629,NA,NA,NA,NA,d4e1d2ae-33f0-4a83-b6fb-4c2b59f79359,1340278,NA,NA,NA,"Bombus Latreille, 1802",NA,NA,NA,NA,NA,NA,NA,NA,NA,NA,NA,NA,NA,TRUE,FALSE,NA,NA,NA,Unique,NA,In the original data this is known as transect: 2437-17,GBIF_Apidae,NA
Dorey_data_5373863,"Bombus hypnorum (Linnaeus, 1758)",Apidae,Apinae,Bombus,NA,NA,Bombus hypnorum,hypnorum,NA,NA,GENUS,"(Linnaeus, 1758)",NA,NA,NA,NA,NA,kimalainen,NA,NA,64.104862,27.453221,Kainuu (Kn),NA,"Heteenmäki, Kajaani",NA,Kajaani,NA,FIN,Finland,FIN.3_1,Oulu,CC_BY_4_0,NA,2020-03-14T00:00:00Z,NA,14,3,2020,HUMAN_OBSERVATION,Finland,NA,ABSENT,NA,Sirkka Pyykkönen,http://tun.fi/KE.176/5edd05d62d0e5b1e1b945a07#Gathering2,NA,NA,NA,0,NA,NA,100000,NA,http://tun.fi/KE.176/5edd05d62d0e5b1e1b945a07,3449842672,NA,NA,NA,NA,http://tun.fi/KE.176/5edd05d62d0e5b1e1b945a07#Unit11,1340278,NA,NA,NA,"Bombus Latreille, 1802",NA,NA,NA,NA,NA,NA,NA,NA,NA,http://tun.fi/KE.176/5edd05d62d0e5b1e1b945a07#Unit11 Source: FinBIF,NA,NA,NA,TRUE,FALSE,NA,NA,NA,Unique,NA,NA,GBIF_Apidae,NA
Paige_data_2158492,"Protosmia rubifloris (Cockerell, 1898)",Megachilidae,Megachilinae,Protosmia,NA,NA,Protosmia rubifloris,rubifloris,NA,NA,SPECIES,"(Cockerell, 1898)",NA,NA,NA,NA,NA,NA,T.L. Griswold 2007,NA,37.58152,-119.9055,California,NA,withheld,NA,Mariposa,NA,USA,United States,USA.5_1,California,CC_BY_4_0,RECORDED_DATE_INVALID;GEODETIC_DATUM_ASSUMED_WGS84;INSTITUTION_MATCH_NONE,NA,NA,NA,NA,NA,PRESERVED_SPECIMEN,United states,NA,PRESENT,NA,"H. Ikerd, E. Stephens",NA,NA,NA,NA,NA,NA,NA,NA,NA,YOSE162375,659097324,NA,USDA-ARS,NA,NA,659097324,1334783,NA,NA,NA,Protosmia rubifloris,NA,NA,NA,NA,NA,NA,NA,NA,NA,NA,NA,NA,NA,TRUE,FALSE,NA,NA,NA,Kept duplicate,NA,NA,GBIF_Megachilidae,NA
Paige_data_2186791,"Stelis perpulchra Crawford, 1916",Megachilidae,Megachilinae,Stelis,NA,NA,Stelis perpulchra,perpulchra,NA,NA,SPECIES,"Crawford, 1916",NA,NA,NA,NA,NA,NA,"Ascher, J",2005-01-01T00:00:00,23.96684,-109.9177,Baja California Sur,SOUTH_AMERICA,"Los Planes, 2 km E",NA,NA,NA,MEX,Mexico,MEX.2_1,Baja California Sur,CC_BY_4_0,COORDINATE_ROUNDED;GEODETIC_DATUM_ASSUMED_WGS84;COLLECTION_MATCH_FUZZY,1994-04-10T00:00:00Z,NA,10,4,1994,PRESERVED_SPECIMEN,Mexico,NA,PRESENT,NA,"Rodriguez, A",NA,NA,NA,NA,NA,NA,NA,NA,NA,329188,657943543,NA,KU,Snow Entomological Museum Collection,NA,2a48f670-1ed6-11e3-bfac-90b11c41863e,5038500,NA,NA,NA,Stelis perpulchra,NA,Prosopis articulata,NA,NA,NA,NA,NA,http://biodiversity.ku.edu/research/university-kansas-biodiversity-institute-data-publication-and-use-norms,NA,NA,NA,NA,NA,TRUE,FALSE,NA,NA,NA,Kept duplicate,NA,NA,GBIF_Megachilidae,NA
Dorey_data_6963886,"Lasioglossum albipenne (Robertson, 1890)",Halictidae,Halictinae,Lasioglossum,NA,NA,Lasioglossum albipenne,albipenne,NA,NA,GENUS,"(Robertson, 1890)",NA,NA,NA,NA,NA,NA,Robert L. Minckley,NA,31.32532,-109.223,Sonora,NA,30 km east of Agua Prieta,NA,Municipio de Agua Prieta,NA,MEX,Mexico,MEX.26_1,Sonora,CC_BY_NC_4_0,GEODETIC_DATUM_ASSUMED_WGS84;INSTITUTION_MATCH_NONE,2004-07-31T00:00:00Z,NA,31,7,2004,PRESERVED_SPECIMEN,Mexico,NA,PRESENT,NA,J. Arturo Romero,NA,NA,white pan trap,NA,NA,NA,NA,NA,NA,SBV055664,2847316254,NA,RLMC,NA,NA,73cd8976-c45c-43b7-9d6b-013690dcd0b8,1353501,NA,NA,43c894af-a05d-4c92-833c-83e1ebd68701,"Lasioglossum Curtis, 1833",31-Jul-04,NA,NA,NA,FEMALE,http://creativecommons.org/licenses/by-nc/4.0/,Robert Minckley,NA,NA,NA,https://scan-bugs.org:443/portal/collections/individual/index.php?occid=43915981,NA,NA,TRUE,FALSE,NA,NA,NA,Kept duplicate,NA,NA,GBIF_Halictidae,NA
Paige_data_1472039,"Lasioglossum brunneiventre (Crawford, 1907)",Halictidae,Halictinae,Lasioglossum,NA,NA,Lasioglossum brunneiventre,brunneiventre,NA,NA,SPECIES,"(Crawford, 1907)",NA,NA,NA,NA,NA,NA,J. Gibbs 2011,NA,37.58152,-119.9055,California,NA,withheld,NA,Mariposa,NA,USA,United States,USA.5_1,California,CC_BY_4_0,RECORDED_DATE_INVALID;GEODETIC_DATUM_ASSUMED_WGS84;INSTITUTION_MATCH_NONE,NA,NA,NA,NA,NA,PRESERVED_SPECIMEN,United states,NA,PRESENT,NA,H. Ikerd,NA,NA,NA,NA,NA,NA,NA,NA,NA,BBSL618969,658834439,NA,USDA-ARS,NA,NA,658834439,1354684,NA,NA,NA,Lasioglossum brunneiventre,NA,NA,NA,NA,NA,NA,NA,NA,NA,NA,NA,NA,NA,TRUE,FALSE,NA,NA,NA,Kept duplicate,NA,NA,GBIF_Halictidae,NA
Dorey_data_7737996,"Lasioglossum laticeps (Schenck, 1869)",Halictidae,Halictinae,Lasioglossum,NA,NA,Lasioglossum laticeps,laticeps,NA,NA,SPECIES,"(Schenck, 1869)",NA,NA,NA,NA,NA,NA,Neumeyer-Funk Rainer,NA,46.15693,8.7008,Ti,NA,NA,NA,NA,NA,CHE,Switzerland,CHE.21_1,Ticino,CC_BY_4_0,NA,1997-04-08T00:00:00Z,NA,8,4,1997,HUMAN_OBSERVATION,Switzerland,NA,PRESENT,NA,Moretti Marco,NA,NA,Combined trap,NA,NA,NA,NA,3535,NA,CSCF-API-729267,3119343125,CSCF-API,WSL,Swiss National Apoidea Databank,NA,CSCF-API-729267,1354102,NA,NA,NA,"Lasioglossum laticeps (Schenck, 1870)",NA,NA,NA,NA,FEMALE,NA,Info Fauna - Centre Suisse de Cartographie de la Faune,NA,"Obrist M.K., Wermelinger B., Moretti M., Gossner M.M., Duelli P. 2021. Hymenoptera. EnviDat. http://doi.org/10.16904/envidat.200",NA,NA,NA,NA,TRUE,FALSE,NA,NA,NA,Unique,NA,NA,GBIF_Halictidae,NA
Paige_data_1500478,"Lasioglossum foxii (Robertson, 1895)",Halictidae,Halictinae,Lasioglossum,NA,NA,Lasioglossum foxii,foxii,NA,NA,SPECIES,"(Robertson, 1895)",NA,NA,NA,NA,NA,NA,Sam Droege,NA,38.9952,-76.9458,Maryland,NA,NA,NA,Prince George's,College Park,USA,United States,USA.21_1,Maryland,CC0_1_0,GEODETIC_DATUM_ASSUMED_WGS84;INSTITUTION_MATCH_NONE,2015-04-03T00:00:00Z,NA,3,4,2015,PRESERVED_SPECIMEN,United states,NA,PRESENT,NA,Dejen Mengis,USGS_DRO14796,NA,trapType:pan trap; trapCount:9; trapVolume:in field note; trapColor:in field note; trapLiquid:glycol propylene,NA,NA,NA,NA,500,NA,SamplingEventNumber:USGS_DRO14796 | SpecimenNumber:USGS_DRO427643,1456811000,NA,BISON,USGS PWRC - Native Bee Inventory and Monitoring Lab (BIML),NA,USGS_DRO427643,1354803,NA,NA,https://bison.usgs.gov/ipt/resource?r=usgs-pwrc-biml,Lasioglossum foxii,StartDateTime:20150327xxxxxx; EndDateTime:20150403xxxxxx,NA,NA,"""3 UV-blue, 3 UV-yellow, 3 white cups with stands""",FEMALE,NA,NA,NA,NA,NA,NA,NA,NA,TRUE,FALSE,NA,NA,NA,Duplicate,NA,NA,GBIF_Halictidae,NA
Paige_data_2023380,"Perdita beatula Timberlake, 1960",Andrenidae,Panurginae,Perdita,NA,NA,Perdita beatula,beatula,NA,NA,SPECIES,"Timberlake, 1960",NA,NA,NA,NA,NA,NA,NA,NA,37.0702,-117.6671,California,NA,"Eureka Dunes, SE side",NA,Inyo,NA,USA,United States,USA.5_1,California,CC_BY_4_0,GEODETIC_DATUM_ASSUMED_WGS84;INSTITUTION_MATCH_NONE,1999-05-24T00:00:00Z,NA,24,5,1999,PRESERVED_SPECIMEN,United states,NA,PRESENT,NA,R. Andrus,NA,NA,NA,NA,NA,NA,NA,NA,NA,BBSL340690,659032933,NA,USDA-ARS,NA,NA,659032933,1356206,NA,NA,NA,Perdita beatula,NA,NA,NA,NA,NA,NA,NA,NA,NA,NA,NA,NA,NA,TRUE,FALSE,NA,NA,NA,Kept duplicate,NA,NA,GBIF_Andrenidae,NA
Paige_data_2133956,"Perdita tridentata Stevens, 1919",Andrenidae,Panurginae,Perdita,NA,NA,Perdita tridentata,tridentata,NA,NA,SPECIES,"Stevens, 1919",NA,NA,NA,NA,NA,NA,unknown,NA,38.06083,-97.92944,Kansas,NORTH_AMERICA,"Hutchinson, SE",NA,Reno,NA,USA,United States,USA.17_1,Kansas,CC_BY_4_0,GEODETIC_DATUM_ASSUMED_WGS84;COLLECTION_MATCH_FUZZY,1951-09-02T00:00:00Z,NA,2,9,1951,PRESERVED_SPECIMEN,United states,NA,PRESENT,NA,Michener & Wille,NA,NA,NA,NA,NA,NA,NA,NA,NA,217000,658206538,NA,KU,Snow Entomological Museum Collection,NA,3859c8bd-1ed6-11e3-bfac-90b11c41863e,1356065,NA,NA,NA,Perdita tridentata,NA,Helianthus petiolaris,NA,NA,NA,NA,NA,http://biodiversity.ku.edu/research/university-kansas-biodiversity-institute-data-publication-and-use-norms,NA,NA,NA,NA,NA,TRUE,FALSE,NA,NA,NA,Kept duplicate,NA,NA,GBIF_Andrenidae,NA
Dorey_data_9568476,"Lasioglossum oceanicum (Cockerell, 1916)",Halictidae,Halictinae,Lasioglossum,NA,NA,Lasioglossum oceanicum,oceanicum,NA,NA,NA,"(Cockerell, 1916)",NA,Animalia;Arthropoda;Halictidae;Halictinae;Halictini,NA,None,NA,NA,J. S. Ascher,2006,41.09778,-72.10389,New York,NA,Gardiners Island,NA,Suffolk,NA,NA,NA,NA,NA,NA,NA,2005-08-20T00:00:00Z,NA,20,8,2005,PreservedSpecimen,United states,NA,NA,NA,R. G. Goelet,NA,NA,Netting,NA,1,NA,NA,NA,NA,AMNH_BEE 00027899,NA,urn:uuid:13674fa4-8611-11e4-8259-0026552be7ea,AMNH,Collaborative databasing of North American bee collections within a global informatics network project,NA,urn:uuid:83856660-d8e1-11e2-99a2-0026552be7ea,NA,9f02b390-4aca-4029-8e98-88b36b39781a,NA,NA,Lasioglossum oceanicum,NA,NA,NA,NA,Female,NA,NA,NA,NA,NA,NA,NA,NA,NA,NA,NA,NA,NA,Duplicate,NA,NA,iDigBio_halictidae,NA
Dorey_data_10104338,"Perdita ignota Cockerell, 1896",Andrenidae,Panurginae,Perdita,NA,NA,Perdita ignota,ignota,NA,NA,NA,"Cockerell, 1896",NA,NA,NA,NA,NA,NA,"Danforth, Bryan",NA,39.02,-95.29,Kansas,Nearctic,"Lawrence, 6.4 km NW",NA,Douglas,NA,NA,NA,NA,NA,NA,NA,1987-09-17T00:00:00Z,NA,17,9,1987,PreservedSpecimen,United states,NA,NA,NA,"Danforth, Bryan",NA,NA,NA,NA,NA,NA,NA,NA,NA,289568,NA,NA,KU,Snow Entomological Museum Collection,NA,2403646f-1ed6-11e3-bfac-90b11c41863e,NA,20d0e557-ba98-4161-847e-1761e36211e1,NA,NA,Perdita (Hexaperdita) ignota,NA,Heterotheca,NA,NA,F,NA,NA,NA,NA,NA,NA,NA,NA,NA,NA,NA,NA,NA,Duplicate,NA,NA,iDigBio_andrenidae,NA
Dorey_data_10523252,"Hylaeus asininus (Cockerell and Casad, 1895)",Colletidae,Hylaeinae,Hylaeus,NA,NA,Hylaeus asininus,asininus,NA,NA,NA,"(Cockerell and Casad, 1895)",NA,NA,NA,NA,NA,NA,NA,NA,26.17313,-98.38252,Texas,NA,Bentsen Rio Grande Valley State Park,NA,Hidalgo,NA,NA,NA,NA,NA,NA,NA,1978-03-22T00:00:00Z,NA,22,3,1978,Preserved specimen,United states,NA,NA,NA,NA,NA,NA,NA,NA,NA,NA,NA,NA,NA,X1376170,NA,NA,TAMU,NA,NA,b75ed897-f7e5-4267-8fbb-39e0e366a771,NA,60db961c-e415-4e66-ac1d-d1b268975cf2,urn:uuid:07f52f2a-7bac-4aea-970b-5a3e929ec345,13b264e0-ea1c-4ff2-8229-0507f8dbf46a,Hylaeus asininus,3/22/1978,NA,NA,NA,NA,NA,NA,NA,NA,NA,NA,NA,NA,NA,NA,NA,NA,NA,Duplicate,NA,NA,iDigBio_colletidae,NA
Dorey_data_11050901,"Apis mellifera Linnaeus, 1758",Apidae,Apinae,Apis,NA,NA,Apis mellifera,mellifera,NA,NA,NA,"Linnaeus, 1758",NA,NA,NA,NA,Apis mellifera (current),NA,"Hepburn, R.",NA,-34,23.3,Western Cape,Africa,Wittedrif,NA,NA,NA,NA,NA,NA,NA,NA,NA,1988-09-18T00:00:00Z,NA,18,9,1988,PreservedSpecimen,South africa,NA,NA,NA,van Noort; Hobson,NA,NA,NA,NA,NA,NA,NA,NA,NA,67910,NA,NA,AM,NA,NA,urn:catalog:AMGS:AMGS:67910,NA,498a3335-c323-430c-aa5c-9f471b61e053,NA,NA,Apis mellifera,NA,NA,NA,NA,Worker,NA,NA,NA,NA,NA,NA,NA,NA,NA,NA,NA,NA,NA,Duplicate,NA,Coordinates from: Label of specimen,iDigBio_apidae,NA
Dorey_data_11490216,"Apis mellifera Linnaeus, 1758",Apidae,Apinae,Apis,NA,NA,Apis mellifera,mellifera,NA,NA,NA,"Linnaeus, 1758",NA,NA,NA,NA,NA,NA,Kimberly Huntzinger,8/3/2012,31.956,-112.8095,Arizona,NA,NA,NA,Pima,Organ Pipe Cactus National Monument,NA,NA,NA,NA,NA,NA,2011-10-22T00:00:00Z,NA,22,10,2011,preservedspecimen,United states,NA,NA,NA,Kelly Petersen,USGS_DRO9749,NA,trapType:pan trap; trapCount:29; trapVolume:bowl 3.25oz; trapColor:in field note; trapLiquid:soap dawn,NA,NA,NA,NA,NA,NA,SamplingEventNumber:USGS_DRO9749 | SpecimenNumber:USGS_DRO290831,NA,NA,BISON,USGS PWRC - Native Bee Inventory and Monitoring Lab (BIML),NA,USGS_DRO290831,NA,9fe04a7b-c5c9-42e9-9e2d-c9cb54f55fd7,NA,https://bison.usgs.gov/ipt/resource?r=usgs-pwrc-biml,Apis mellifera,StartDateTime:201110210900xx; EndDateTime:201110220920xx,NA,NA,"""10 fl blue 10 fl white 10 fl yellow;out of 30 bowls, lost : 1 blue""",female,NA,NA,NA,NA,NA,NA,NA,NA,NA,NA,NA,NA,NA,Duplicate,NA,NA,iDigBio_apidae,NA
Dorey_data_12003641,"Melissodes tristis Cockerell, 1894",Apidae,Apinae,Melissodes,NA,NA,Melissodes tristis,tristis,NA,NA,NA,"Cockerell, 1894",NA,NA,NA,NA,NA,NA,"Wright, Karen",NA,31.44806,-110.6395,Arizona,Nearctic,"Bisbee, 20 km W, hwy 92",NA,Cochise,NA,NA,NA,NA,NA,NA,NA,1991-08-14T00:00:00Z,NA,14,8,1991,PreservedSpecimen,United states,NA,NA,NA,unknown,NA,NA,NA,NA,NA,NA,NA,NA,NA,1575691,NA,NA,KU,Snow Entomological Museum Collection,NA,63a8f46b-bc91-4e48-8e22-7a5e1f97b46b,NA,611868e3-5828-49e8-bee8-495dedb86b45,NA,NA,Melissodes (Eumelissodes) tristis,NA,NA,NA,NA,F,NA,NA,NA,NA,NA,NA,NA,NA,NA,NA,NA,NA,NA,Duplicate,NA,NA,iDigBio_apidae,NA
Dorey_data_13020835,"Bombus bifarius Cresson, 1878",Apidae,Apinae,Bombus,NA,NA,Bombus bifarius,bifarius,NA,NA,NA,"Cresson, 1878",NA,NA,NA,NA,NA,NA,Russell B. Miller,1984,37.274922,-108.151037,Colorado,NA,16 mi. W. of Durango by Route 160,NA,La Plata County,NA,NA,NA,NA,NA,NA,NA,1971-06-09T00:00:00Z,NA,9,6,1971,PreservedSpecimen,United states,NA,NA,NA,"Russell B. Miller, C. J. Miller",NA,NA,NA,NA,1,NA,NA,12835,NA,YPM ENT 709715,NA,NA,YPM,NA,NA,urn:uuid:c5f8e240-e7b5-4d1e-a85c-943b59453d6f,NA,NA,urn:uuid:ad0495ff-e5ff-4761-be8c-90e56b0cf754,eebda952-05ec-474e-833e-1a2085294977,Bombus bifarius,1971-6-9,NA,NA,ENT number 709715; lot count 1; worker; accn=YPM.11264,worker,http://creativecommons.org/publicdomain/zero/1.0/,Yale University,NA,NA,NA,https://scan-bugs.org:443/portal/collections/individual/index.php?occid=14339575,NA,NA,NA,NA,NA,NA,14339575,Duplicate,NA,NA,SCAN_Apidae,NA
Dorey_data_14423131,"Colletes kincaidii Cockerell, 1898",Colletidae,Colletinae,Colletes,NA,NA,Colletes kincaidii,kincaidii,NA,NA,NA,"Cockerell, 1898",NA,NA,NA,NA,NA,NA,NA,NA,39.23859,-123.205,California,NA,"Redwood Valley, 2 mi S",NA,Humboldt,NA,NA,NA,NA,NA,NA,NA,1974-07-28T00:00:00Z,NA,28,7,1974,PreservedSpecimen,United states,NA,NA,NA,"Brooks, Robert",NA,NA,NA,NA,NA,NA,NA,NA,NA,1401690,NA,NA,KU,NA,NA,7fe2a59b-e3b2-42ac-a3f4-1c642f9d896d,NA,NA,urn:uuid:8a9ab97c-e6fb-4012-9255-c3a24b0d0eeb,c45886f1-3524-42f4-a113-4e4e193505a8,Colletes,1974-7-28,NA,NA,NA,NA,http://creativecommons.org/publicdomain/zero/1.0/,The University of Kansas Natural History Museum,NA,NA,NA,https://scan-bugs.org:443/portal/collections/individual/index.php?occid=19217147,NA,NA,NA,NA,NA,NA,19217147,Duplicate,NA,NA,SCAN_Colletidae,NA
Dorey_data_15306235,"Lasioglossum lilianae Gardner and Gibbs, 2020",Halictidae,Halictinae,Lasioglossum,NA,NA,Lasioglossum lilianae,lilianae,NA,NA,NA,"Gardner and Gibbs, 2020",NA,NA,NA,NA,NA,NA,Joel Gardner,2020,31.3195,-109.27028,Sonora,NA,30 km east of Agua Prieta,NA,Agua Prieta,NA,NA,NA,NA,NA,NA,NA,2007-08-13T00:00:00Z,NA,13,8,2007,PreservedSpecimen,Mexico,NA,NA,NA,R.L. Minckley,NA,NA,net,NA,NA,NA,NA,NA,NA,SBV077393,NA,NA,RLMC,NA,NA,d4a5fc6b-add8-48ad-b1c0-07448c949174,NA,NA,urn:uuid:d4a5fc6b-add8-48ad-b1c0-07448c949174,43c894af-a05d-4c92-833c-83e1ebd68701,Lasioglossum lilianae,8/13/2007,Mentzelia pumila,NA,NA,Female,http://creativecommons.org/licenses/by-nc/4.0/,Robert Minckley,NA,NA,NA,https://scan-bugs.org:443/portal/collections/individual/index.php?occid=43933109,NA,NA,NA,NA,NA,NA,43933109,Duplicate,NA,NA,SCAN_Halictidae,NA
Dorey_data_16755493,"Exomalopsis tepaneca Cresson, 1878",Apidae,Apinae,Exomalopsis,NA,NA,Exomalopsis tepaneca,tepaneca,NA,NA,NA,"Cresson, 1878",NA,NA,NA,NO APLICA,NA,NA,PS,NA,16.8806,-92.418,CHIAPAS,NA,Tzuluwitz,NA,SAN JUAN CANCUC,NA,NA,NA,NA,NA,NA,NA,2009-03-10T00:00:00Z,NA,10,3,2009,PreservedSpecimen,Mexico,NA,NA,NA,JM,NA,NA,NA,NA,1,NA,NA,NA,NA,90527,NA,NA,ECOSUR,NA,NA,urn:catalog:ECOSUR:ECO-SC-AB:90527:e3de9c3f90a185b922d130ed9be4a431,NA,NA,urn:uuid:1ffe357d-eab2-4e5d-b925-2fdc8425ceba,dad44928-25a6-4be6-b5a1-8afa96f8a7c4,Exomalopsis (Exomalopsis) tepaneca,2009-3-10,NA,NA,NA,NA,http://creativecommons.org/licenses/by-nc/4.0/,NA,NA,NA,NA,https://scan-bugs.org:443/portal/collections/individual/index.php?occid=60196014,NA,NA,NA,NA,NA,NA,60196014,Duplicate,NA,NA,SCAN_Apidae,NA
Dorey_data_17114057,"Lasioglossum coriaceum (Smith, 1853)",Halictidae,Halictinae,Lasioglossum,NA,NA,Lasioglossum coriaceum,coriaceum,NA,NA,NA,"(Smith, 1853)",NA,NA,NA,NA,NA,NA,Sam Droege,7/26/201,39.0292,-77.6068,Virginia,NA,NA,NA,Loudoun,Banshee Reeks Nature Preserve,NA,NA,NA,NA,NA,NA,2011-05-21T06:00:00Z,20110618190844,21,5,2011,NA,United states,NA,NA,NA,"Elizabeth Sellers, Laura Porter",USGS_DRO8757,Site 1,Technique used: pan trap|Bowls full upon collection: 30|Sampling Bowl/trap size: bowl 3.25oz|Trap colour: in field note|Trap liquid: soap dawn,NA,NA,NA,NA,4,NA,NA,NA,NA,NA,NA,NA,USGS_DRO214774,NA,NA,USGS_DRO214774,NA,Lasioglossum coriaceum,NA,NA,NA,"field_note: Blue, Yellow, and White UV. Sunny and mostly clear. High temperature for the day 81oF. No plants observed in flower.|note: Along NW facing slope along Carter-Luck trail. Transect runs along the slope below the crest of the ridge.|DateEntered: 1/27/2017 9:35:36|DateScanned: 7/26/201|ipAddress: 72.86.54.41|time1: 2011-05-21 06:00:00|time2: 2011-05-21 18:00:00",f,NA,NA,NA,NA,NA,NA,NA,NA,NA,NA,NA,NA,USGS_DRO214774,Duplicate,NA,NA,USGS_data,NA
Dorey_data_17324264,"Andrena nasonii Robertson, 1895",Andrenidae,Andreninae,Andrena,NA,NA,Andrena nasonii,nasonii,NA,NA,NA,"Robertson, 1895",NA,NA,NA,NA,NA,NA,Sam Droege,1/10/201,39.3922,-77.5647,Maryland,NA,NA,NA,Frederick,Middletown,NA,NA,NA,NA,NA,NA,2015-04-22T00:00:00Z,20150630192438,22,4,2015,NA,United states,NA,NA,NA,Lisa Kuder,USGS_DRO14252,Catoctin Creek NC,Technique used: pan trap|Bowls full upon collection: 9|Sampling Bowl/trap size: in field note|Trap colour: in field note|Trap liquid: glycol propylene,NA,NA,NA,NA,4,NA,NA,NA,NA,NA,NA,NA,USGS_DRO424994,NA,NA,USGS_DRO424994,NA,Andrena nasonii,NA,NA,NA,"field_note: 3 UV-blue, 3 UV-yellow, 3 white cups with stands|note: Woods Glycol Study|DateEntered: 1/27/2017 9:35:36|DateScanned: 1/19/201|ipAddress: 159.189.28.158|time1: 2015-04-22 00:00:00|time2: 2015-04-29 00:00:00",f,NA,NA,NA,NA,NA,NA,NA,NA,NA,NA,NA,NA,USGS_DRO424994,Kept duplicate,NA,NA,USGS_data,NA
ASP_data_3432,"Partamona testacea (Klug, 1807)",Apidae,Apinae,Partamona,NA,NA,Partamona testacea,testacea,NA,NA,NA,"(Klug, 1807)",NA,NA,NA,NA,Tribe: Sin Tribu|Morphospecies: Msp 1,NA,NA,NA,6.7604,-75.1077,NA,South America,Fosforito,NA,NA,NA,NA,NA,NA,NA,https://creativecommons.org/licenses/by-nc-sa/4.0/,NA,1997-06-04T00:00:00Z,a.m.,4,6,1997,NA,Colombia,NA,NA,NA,Allan Smith-Pardo,NA,NA,J,NA,NA,NA,NA,100,NA,ASP_NA,NA,ASP,NA,Allan Smith-Pardo,NA,NA,NA,NA,NA,NA,Partamona testacea,NA,NA,NA,NA,H,NA,NA,NA,NA,NA,NA,NA,NA,NA,NA,NA,NA,NA,Duplicate,NA,Successional Stage:P,ASP_Anthophila,NA
Dorey_data_136329,"Lasioglossum bicingulatum (Smith, 1853)",Halictidae,Halictinae,Lasioglossum,NA,NA,Lasioglossum bicingulatum,bicingulatum,NA,NA,species,"(Smith, 1853)",NA,NA,NA,NA,NA,NA,NA,NA,-27.75761,152.36852,Queensland,NA,"Mulgowie, Qld",NA,NA,NA,NA,NA,NA,NA,CC-BY,NA,NA,NA,NA,NA,NA,MACHINE_OBSERVATION,Australia,NA,ABSENT,NA,"Hulthen, Andrew | Marcora, Anna | Schellhorn, Nancy",NA,NA,Malaise Trap,6 days,0,NA,NA,10,TRUE,MT5-20070628-LasBic,NA,NA,NA,NA,NA,NA,NA,NA,NA,NA,Lasioglossum (Chilalictus) bicingulatum,28-Jun-07,NA,NA,NA,NA,NA,NA,NA,NA,NA,NA,NA,NA,NA,NA,COUNTRY_DERIVED_FROM_COORDINATES | MISSING_GEOREFERENCEDBY | MISSING_GEOREFERENCEPROTOCOL | MISSING_GEOREFERENCESOURCES | MISSING_GEOREFERENCEVERIFICATIONSTATUS | MISSING_GEOREFERENCE_DATE | MISSING_TAXONRANK | RECORDED_DATE_INVALID,NA,cc2491bf-ce35-440e-bcf6-f47f790b0892,Unique,NA,In a patch of crop vegetation on the side of the trap facing toward the adjacent non-riparian native vegetation,ALA_Apiformes,NA
Dorey_data_10063363,"Halictus rubicundus (Christ, 1791)",Halictidae,Halictinae,Halictus,NA,NA,Halictus rubicundus,rubicundus,NA,NA,species,"(Christ, 1791)",NA,NA,NA,NA,NA,NA,NA,2007,39.27972,-89.88167,NA,NA,NA,NA,NA,NA,NA,NA,NA,NA,NA,NA,1891-07-30T00:00:00Z,NA,30,7,1891,PreservedSpecimen,United states,NA,present,NA,C.A. Robertson,NA,NA,NA,NA,1,NA,NA,10000,NA,INHS Insect Collection 364064,NA,NA,INHS,NA,NA,1cc24a98-8394-4aee-a171-626dd3d0f4e6,NA,cd727b08-8b82-40d0-9bcc-ec4be35dabae,NA,NA,"Halictus (Halictus) rubicundus (Christ, 1791)",NA,NA,NA,NA,NA,NA,NA,NA,NA,NA,NA,NA,NA,NA,NA,NA,NA,NA,Duplicate,NA,NA,iDigBio_halictidae,NA
Dorey_data_11459410,"Ceratina calcarata Robertson, 1900",Apidae,Xylocopinae,Ceratina,NA,NA,Ceratina calcarata,calcarata,NA,NA,NA,"Robertson, 1900",NA,NA,NA,NA,NA,NA,"Droege, S. W. (Sam W.)",2015,37.6535,-79.2149,Virginia,NA,USA Virginia Amherset Co. 37.6535N 79.2149W,NA,NA,NA,NA,NA,NA,NA,NA,NA,2015-07-30T00:00:00Z,NA,30,7,2015,PreservedSpecimen,United states,NA,NA,NA,"Droege, S. W. (Sam W.)",NA,NA,none specified,NA,1,NA,NA,NA,NA,CMNHENT0047602,NA,NA,"Cleveland Museum of Natural History, OH (CLEV)",NA,NA,urn:lsid:biosci.ohio-state.edu:osuc_occurrences:CMNHENT0047602,NA,d11c0fb1-4acc-4c4e-ac8e-4ebaf4ffc5e6,urn:uuid:f9460c31-bea0-4cee-9df6-33ee2b83ad26,0197093b-f523-468f-8e90-6f94faa24395,Ceratina calcarata,30 July 2015,NA,NA,NA,undetermined,NA,NA,NA,NA,NA,NA,NA,NA,NA,NA,NA,NA,NA,Duplicate,NA,NA,iDigBio_apidae,NA
Dorey_data_12461201,"Trigona fuscipennis Friese, 1900",Apidae,Apinae,Trigona,NA,NA,Trigona fuscipennis,fuscipennis,NA,NA,NA,"Friese, 1900",NA,NA,NA,NA,NA,NA,NA,NA,0.89169,-79.63306,Esmeraldas,NA,San Mateo,NA,NA,NA,NA,NA,NA,NA,NA,NA,1956-08-12T00:00:00Z,NA,12,8,1956,PreservedSpecimen,Ecuador,NA,NA,NA,unknown,NA,NA,NA,NA,NA,NA,NA,3036,NA,1418337,NA,NA,KU,NA,NA,8a659278-0d1b-4176-bef3-a15d0417b69c,NA,NA,urn:uuid:704188ec-5089-40c8-b037-1cd96448fab5,c45886f1-3524-42f4-a113-4e4e193505a8,Trigona fuscipennis,1956-8-12,NA,NA,NA,NA,http://creativecommons.org/publicdomain/zero/1.0/,The University of Kansas Natural History Museum,NA,NA,NA,https://scan-bugs.org:443/portal/collections/individual/index.php?occid=30370354,NA,NA,NA,NA,NA,NA,30370354,Duplicate,NA,NA,SCAN_Apidae,NA
Dorey_data_12735721,"Plebeia frontalis (Friese, 1911)",Apidae,Apinae,Plebeia,NA,NA,Plebeia frontalis,frontalis,NA,NA,NA,"(Friese, 1911)",NA,NA,NA,NA,NA,NA,T.L. Griswold 96,NA,10.3,-85.0956,Guanacaste,NA,"Cañas, 14 km S, EJN",NA,NA,NA,NA,NA,NA,NA,NA,NA,1990-11-16T00:00:00Z,NA,16,11,1990,PRESERVED_SPECIMEN,Costa rica,NA,NA,NA,F.D. Parker,NA,NA,NA,NA,NA,NA,NA,NA,NA,BBSL183394,NA,NA,USDA-ARS,NA,NA,NA,NA,NA,urn:uuid:d232aacd-4ae0-4a30-bd41-799bf4817553,b870b19f-b0ea-4d3c-b3f0-53fbaf062e0c,Plebeia frontalis,1990-11-16T01:00Z,NA,NA,NA,NA,http://creativecommons.org/publicdomain/zero/1.0/,NA,NA,NA,NA,https://scan-bugs.org:443/portal/collections/individual/index.php?occid=25628086,NA,NA,NA,NA,NA,NA,25628086,Duplicate,NA,NA,SCAN_Apidae,NA
Dorey_data_12898450,"Bombus occidentalis Greene, 1858",Apidae,Apinae,Bombus,NA,NA,Bombus occidentalis,occidentalis,NA,NA,NA,"Greene, 1858",NA,NA,NA,NA,NA,NA,J.B. Koch 2009,NA,39.96137,-105.51083,Colorado,NA,Nederland,NA,Boulder,NA,NA,NA,NA,NA,NA,NA,1961-08-25T00:00:00Z,NA,25,8,1961,PRESERVED_SPECIMEN,United states,NA,NA,NA,C.C. Lanham,NA,NA,NA,NA,NA,NA,NA,NA,NA,JPS3986,NA,NA,USDA-ARS,NA,NA,NA,NA,NA,urn:uuid:f2dfeea6-79ee-4ca5-b789-a46fe4e985cf,b870b19f-b0ea-4d3c-b3f0-53fbaf062e0c,Bombus occidentalis,1961-08-25T01:00Z,NA,NA,NA,NA,http://creativecommons.org/publicdomain/zero/1.0/,NA,NA,NA,NA,https://scan-bugs.org:443/portal/collections/individual/index.php?occid=25751789,NA,NA,NA,NA,NA,NA,25751789,Duplicate,NA,NA,SCAN_Apidae,NA
Dorey_data_13153831,"Bombus impatiens Cresson, 1863",Apidae,Apinae,Bombus,NA,NA,Bombus impatiens,impatiens,NA,NA,NA,"Cresson, 1863",NA,NA,NA,NA,NA,NA,kristenmanion,2018-05-26T18:35:39Z,45.841975,-95.73413,Minnesota,NA,NA,NA,NA,NA,NA,NA,NA,NA,NA,NA,2018-05-26T00:00:00Z,NA,26,5,2018,HumanObservation,United states,NA,NA,NA,kristenmanion,NA,NA,NA,NA,NA,NA,NA,5,NA,12833230,NA,NA,iNaturalist,NA,NA,https://www.inaturalist.org/observations/12833230,NA,NA,urn:uuid:e272952d-7c0c-49dd-b461-ad761a5f47fd,c280e822-464b-4689-b5c5-a2bdf12b894e,Bombus impatiens,Sat May 26 2018 10:12:08 GMT-0500 (CDT),NA,NA,NA,NA,http://creativecommons.org/licenses/by-nc/3.0/,"Rights for individual observations belong to the individual observers. In jurisdictions where collections of data are are considered intellectual property, the rights holder of this collection is the California Academy of Sciences.",This work is licensed under a Creative Commons Attribution-NonCommercial License: http://creativecommons.org/licenses/by-nc/4.0/. Anyone is free to access it for non-commercial use.,NA,NA,https://scan-bugs.org:443/portal/collections/individual/index.php?occid=50909276,NA,NA,NA,NA,NA,NA,50909276,Duplicate,NA,NA,SCAN_Apidae,NA
Dorey_data_13315042,"Bombus mixtus Cresson, 1878",Apidae,Apinae,Bombus,NA,NA,Bombus mixtus,mixtus,NA,NA,NA,"Cresson, 1878",NA,NA,NA,NA,NA,NA,victoria_simon,2020-08-17T15:13:36Z,43.76545,-110.74932833,Wyoming,NA,NA,NA,NA,NA,NA,NA,NA,NA,NA,NA,2020-08-13T00:00:00Z,NA,13,8,2020,HumanObservation,United states,NA,NA,NA,Clayton Bownds,NA,NA,NA,NA,NA,NA,NA,8,NA,56391250,NA,NA,iNaturalist,NA,NA,https://www.inaturalist.org/observations/56391250,NA,NA,urn:uuid:6ced1937-c933-4d74-a179-d2cf5f677f1e,c280e822-464b-4689-b5c5-a2bdf12b894e,Bombus mixtus,Thu Aug 13 2020 15:13:06 GMT-0600 (MDT),NA,NA,NA,NA,http://creativecommons.org/licenses/by-nc/3.0/,"Rights for individual observations belong to the individual observers. In jurisdictions where collections of data are are considered intellectual property, the rights holder of this collection is the California Academy of Sciences.",This work is licensed under a Creative Commons Attribution-NonCommercial License: http://creativecommons.org/licenses/by-nc/4.0/. Anyone is free to access it for non-commercial use.,NA,NA,https://scan-bugs.org:443/portal/collections/individual/index.php?occid=55125566,NA,NA,NA,NA,NA,NA,55125566,Duplicate,NA,NA,SCAN_Apidae,NA
Paige_data_1066133,"Bombus terricola Kirby, 1837",Apidae,Apinae,Bombus,NA,NA,Bombus terricola,terricola,NA,NA,NA,"Kirby, 1837",NA,NA,NA,NA,NA,NA,NA,NA,46.87389,-96.76722,Minnesota,NA,NA,NA,Clay,NA,NA,NA,NA,NA,NA,NA,1984-04-22T00:00:00Z,NA,22,4,1984,PreservedSpecimen,United states,NA,NA,NA,"Powers, J.R.",NA,NA,NA,NA,1,NA,NA,NA,NA,JPS 8878,NA,NA,EMEC,NA,NA,JPS 8878,NA,NA,urn:uuid:04738143-4bb3-40d8-9ac7-003fdad667e2,3bf6519b-f105-4cab-bc9a-81f7caccca37,Bombus terricola,22 April 1984,NA,NA,NA,NA,http://creativecommons.org/licenses/by-nc/3.0/,UCRC,NA,NA,NA,https://scan-bugs.org:443/portal/collections/individual/index.php?occid=39138733,NA,NA,NA,NA,NA,NA,39138733,Unique,NA,NA,SCAN_Apidae,NA
Dorey_data_13739888,"Teratognatha modesta Ogloblin, 1956",Apidae,Apinae,Teratognatha,NA,NA,Teratognatha modesta,modesta,NA,NA,NA,"Ogloblin, 1956",NA,NA,NA,None,NA,NA,J. S. Ascher,NA,-23.0494,-63.94015,Salta,NA,"40 Km WNW of Hickman (label may read ""Hickmann"")",NA,none,NA,NA,NA,NA,NA,NA,NA,1989-11-12T00:00:00Z,NA,12,11,1989,PreservedSpecimen,Argentina,NA,NA,NA,"J. G. Rozen, A. Roig-Alsina",NA,NA,Netting,NA,1,NA,NA,NA,NA,AMNH_IZC 00164408,NA,NA,AMNH,NA,NA,urn:uuid:b78826f4-c4e6-11e3-8259-0026552be7ea,NA,NA,urn:uuid:21ffbecb-02cb-4ed2-9f1c-5952f9dc9858,ca77c4c3-1d79-4dbc-a95e-81f944ec8518,Teratognatha modesta,1989-11-12/1989-11-14,NA,NA,NA,Male,http://creativecommons.org/licenses/by-nc/4.0/,American Museum of Natural History,NA,NA,NA,https://scan-bugs.org:443/portal/collections/individual/index.php?occid=57044000,NA,NA,NA,NA,NA,NA,57044000,Duplicate,NA,NA,SCAN_Apidae,NA
Dorey_data_14094199,"Macrotera arcuata (Fox, 1893)",Andrenidae,Panurginae,Macrotera,NA,NA,Macrotera arcuata,arcuata,NA,NA,NA,"(Fox, 1893)",NA,NA,NA,NA,NA,NA,NA,NA,36.60544,-117.55857,California,NA,Grapevine Canyon,NA,Inyo,NA,NA,NA,NA,NA,NA,NA,1979-05-16T00:00:00Z,NA,16,5,1979,PRESERVED_SPECIMEN,United states,NA,NA,NA,J. Poulsen,NA,NA,NA,NA,NA,NA,NA,NA,NA,134738,NA,NA,USDA-ARS,NA,NA,NA,NA,NA,urn:uuid:129766fd-159f-47af-918d-be305d061a88,b870b19f-b0ea-4d3c-b3f0-53fbaf062e0c,Macrotera arcuata,1979-05-16T01:00Z,NA,NA,NA,NA,http://creativecommons.org/publicdomain/zero/1.0/,NA,NA,NA,NA,https://scan-bugs.org:443/portal/collections/individual/index.php?occid=25449662,NA,NA,NA,NA,NA,NA,25449662,Duplicate,NA,NA,SCAN_Andrenidae,NA
Paige_data_2141375,"Perdita wyomingensis Cockerell, 1922",Andrenidae,Panurginae,Perdita,NA,NA,Perdita wyomingensis,wyomingensis,NA,NA,NA,"Cockerell, 1922",NA,NA,NA,NA,NA,NA,NA,NA,42.58143,-116.17,Idaho,NA,NA,NA,Owyhee,NA,NA,NA,NA,NA,NA,NA,1962-06-16T00:00:00Z,NA,16,6,1962,PreservedSpecimen,United states,NA,NA,NA,NA,NA,NA,NA,NA,1,NA,NA,NA,NA,UCRC ENT 195915,NA,NA,UCRC,NA,NA,UCRC ENT 195915,NA,NA,urn:uuid:ecdbe812-0022-4e54-9059-c38ba3dafc3c,3bf6519b-f105-4cab-bc9a-81f7caccca37,Perdita wyomingensis,16 June 1962,NA,NA,NA,NA,http://creativecommons.org/licenses/by-nc/3.0/,UCRC,NA,NA,NA,https://scan-bugs.org:443/portal/collections/individual/index.php?occid=39083970,NA,NA,NA,NA,NA,NA,39083970,Unique,NA,NA,SCAN_Andrenidae,NA
Dorey_data_14518112,"Hylaeus basalis (Smith, 1853)",Colletidae,Hylaeinae,Hylaeus,NA,NA,Hylaeus basalis,basalis,NA,NA,NA,"(Smith, 1853)",NA,NA,NA,NA,NA,NA,NA,NA,47.985818,-88.889156,Michigan,NA,Isle Royale,NA,Keweenaw,NA,NA,NA,NA,NA,NA,NA,1938-07-14T00:00:00Z,NA,14,7,1938,PreservedSpecimen,United states,NA,NA,NA,"Steyskal, G.",NA,NA,NA,NA,NA,NA,NA,NA,NA,UMMZI-108277,NA,NA,UMMZ,NA,NA,633caed1-e662-4fda-8c96-67aa2834703b,NA,NA,urn:uuid:e39756eb-f435-4d64-9ce2-a2367232f9a4,99c8f0bb-37dc-41df-bb0e-455b5162aa72,Hylaeus basalis,1938-7-14,NA,NA,NA,F,http://creativecommons.org/licenses/by-nc/3.0/,University of Michigan,NA,NA,NA,https://scan-bugs.org:443/portal/collections/individual/index.php?occid=48022164,NA,NA,NA,NA,NA,NA,48022164,Duplicate,NA,NA,SCAN_Colletidae,NA
Dorey_data_14804924,"Ashmeadiella meliloti (Cockerell, 1897)",Megachilidae,Megachilinae,Ashmeadiella,NA,NA,Ashmeadiella meliloti,meliloti,NA,NA,NA,"(Cockerell, 1897)",NA,NA,NA,NA,NA,NA,K.T. Huntzinger 2005,NA,37,-115,Nevada,NA,withheld,NA,Clark,NA,NA,NA,NA,NA,NA,NA,NA,NA,NA,NA,NA,PRESERVED_SPECIMEN,United states,NA,NA,NA,T.L. Griswold,NA,NA,NA,NA,NA,NA,NA,NA,NA,BBSL534633,NA,NA,USDA-ARS,NA,NA,NA,NA,NA,urn:uuid:ad6ead16-5e5e-4e09-b613-229a39d91973,b870b19f-b0ea-4d3c-b3f0-53fbaf062e0c,Ashmeadiella meliloti,NA,NA,NA,NA,NA,http://creativecommons.org/publicdomain/zero/1.0/,NA,NA,NA,NA,https://scan-bugs.org:443/portal/collections/individual/index.php?occid=25197896,NA,NA,NA,NA,NA,NA,25197896,Duplicate,NA,NA,SCAN_Megachilidae,NA
Paige_data_1946364,"Osmia lignaria Say, 1837",Megachilidae,Megachilinae,Osmia,NA,NA,Osmia lignaria,lignaria,NA,NA,NA,"Say, 1837",NA,NA,NA,NA,NA,NA,"Satyshur, C.",9/4/2019 0:00,46.86028,-92.36528,Minnesota,NA,NA,NA,Saint Louis,Saginaw,NA,NA,NA,NA,NA,NA,2019-03-06T00:00:00Z,NA,6,3,2019,PreservedSpecimen,United states,NA,NA,NA,"Evans, T.; Satyshur, C., Forsberg, B.",NA,NA,NA,NA,NA,NA,NA,NA,NA,BeeAtlas2018-10535,NA,NA,UMN EXT,NA,NA,50249438-ddb7-4906-9039-889acf7e37e1,NA,NA,urn:uuid:2a7fa551-c785-4b8e-b75a-1f2d02adf5b5,24f9a809-e389-44d4-ae58-9ea37a6c5af8,Osmia lignaria,3/6/2019,NA,NA,Collection date is lab emergence,M,http://creativecommons.org/licenses/by-nc/4.0/,NA,NA,NA,NA,https://scan-bugs.org:443/portal/collections/individual/index.php?occid=43852663,NA,NA,NA,NA,NA,NA,43852663,Unique,NA,NA,SCAN_Megachilidae,NA
Dorey_data_15344904,"Nomia maneei Cockerell, 1910",Halictidae,Nomiinae,Nomia,NA,NA,Nomia maneei,maneei,NA,NA,NA,"Cockerell, 1910",NA,NA,NA,None,NA,NA,D. W. Ribble,1962,35.17389,-79.3925,North Carolina,NA,Southern Pines,NA,Moore,NA,NA,NA,NA,NA,NA,NA,1924-06-18T00:00:00Z,NA,18,6,1924,PreservedSpecimen,United states,NA,NA,NA,A. H. Manee,NA,NA,Netting,NA,1,NA,NA,NA,NA,AMNH_BEE 00145393,NA,NA,AMNH,NA,NA,urn:uuid:855d49ee-d8e1-11e2-99a2-0026552be7ea,NA,NA,urn:uuid:46936bf2-1164-41c4-ab68-afc1d4b44e1a,ca77c4c3-1d79-4dbc-a95e-81f944ec8518,Nomia maneei,6/18/24,NA,NA,NA,Male,http://creativecommons.org/licenses/by-nc/4.0/,American Museum of Natural History,NA,NA,NA,https://scan-bugs.org:443/portal/collections/individual/index.php?occid=56880514,NA,NA,NA,NA,NA,NA,56880514,Duplicate,NA,NA,SCAN_Halictidae,NA
Dorey_data_15702129,"Lasioglossum viridatum (Lovell, 1905)",Halictidae,Halictinae,Lasioglossum,NA,NA,Lasioglossum viridatum,viridatum,NA,NA,NA,"(Lovell, 1905)",NA,NA,NA,NA,NA,NA,S. Droege,6/5/2009 0:00:00,35.6114,-82.4453,North Carolina,NA,NA,NA,Buncombe,Warren Wilson College,NA,NA,NA,NA,NA,NA,2008-06-20T00:00:00Z,NA,20,6,2008,preservedspecimen,United states,NA,NA,NA,Eric J. Soderholm,NA,NA,trapType:pan trap;trapCount:30;trapVolume:bowl 3.25oz;trapColor:in field note;trapLiquid:soap dawn,NA,NA,NA,NA,500,NA,USGS_DRO111667,NA,NA,BISON,NA,NA,USGS_DRO111667,NA,NA,urn:uuid:5969e467-004f-4f18-ac2b-952f19426644,95067882-e084-4028-a6ae-fe1e045a4992,Lasioglossum viridatum,StartDateTime:200806200600xx; EndDateTime:200806201800xx,NA,NA,NA,female,http://creativecommons.org/publicdomain/zero/1.0/,NA,NA,NA,NA,https://scan-bugs.org:443/portal/collections/individual/index.php?occid=38456110,NA,NA,NA,NA,NA,NA,38456110,Duplicate,NA,NA,SCAN_Halictidae,NA
Dorey_data_15861793,"Lasioglossum pilosum (Smith, 1853)",Halictidae,Halictinae,Lasioglossum,NA,NA,Lasioglossum pilosum,pilosum,NA,NA,NA,"(Smith, 1853)",NA,NA,NA,NA,NA,NA,Droege,4/25/2008 0:00:00,38.5,-75.5945,Delaware,NA,NA,NA,Sussex,Vincent 4,NA,NA,NA,NA,NA,NA,2007-08-14T00:00:00Z,NA,14,8,2007,Preserved Specimen,United states,NA,NA,NA,C. Stragar,NA,NA,trapType:pan trap; trapCount:15; trapVolumne:; trapColor:; trapLiquid:,NA,NA,NA,NA,500,NA,USGS_DRO104590,NA,NA,BISON,NA,USGS_DRO5045,NA,NA,NA,urn:uuid:4ab6ed05-7f13-4db5-bddb-473ac2941248,95067882-e084-4028-a6ae-fe1e045a4992,Lasioglossum pilosum,StartDateTime:200708130951xx; EndDateTime:200708140955xx,NA,NA,NA,female,http://creativecommons.org/publicdomain/zero/1.0/,NA,NA,NA,NA,https://scan-bugs.org:443/portal/collections/individual/index.php?occid=23022834,NA,NA,NA,NA,NA,NA,23022834,Duplicate,NA,NA,SCAN_Halictidae,NA
Dorey_data_16021008,"Lasioglossum microlepoides (Ellis, 1914)",Halictidae,Halictinae,Lasioglossum,NA,NA,Lasioglossum microlepoides,microlepoides,NA,NA,NA,"(Ellis, 1914)",NA,NA,NA,NA,NA,NA,T.L. Griswold 1999,NA,36,-114,Nevada,NA,withheld,NA,Clark,NA,NA,NA,NA,NA,NA,NA,NA,NA,NA,NA,NA,PRESERVED_SPECIMEN,United states,NA,NA,NA,W.R. Bowlin,NA,NA,NA,NA,NA,NA,NA,NA,NA,BBSL320016,NA,NA,USDA-ARS,NA,NA,NA,NA,NA,urn:uuid:6379e55a-de98-4f65-8951-f455687ec85b,b870b19f-b0ea-4d3c-b3f0-53fbaf062e0c,Lasioglossum microlepoides,NA,NA,NA,NA,NA,http://creativecommons.org/publicdomain/zero/1.0/,NA,NA,NA,NA,https://scan-bugs.org:443/portal/collections/individual/index.php?occid=25417487,NA,NA,NA,NA,NA,NA,25417487,Duplicate,NA,NA,SCAN_Halictidae,NA
Dorey_data_16213457,"Melissodes trinodis Robertson, 1901",Apidae,Apinae,Melissodes,NA,NA,Melissodes trinodis,trinodis,NA,NA,NA,"Robertson, 1901",NA,NA,NA,NA,NA,NA,Sam Droege,9/13/2006 0:00:00,38.898253,-76.136628,Maryland,NA,NA,NA,Queen Anne's,Wye Island NRMA,NA,NA,NA,NA,NA,NA,2006-06-18T00:00:00Z,NA,18,6,2006,preservedspecimen,United states,NA,NA,NA,Cathy Stragar,NA,NA,trapType:in field note;in field note,NA,NA,NA,NA,500,NA,USGS_DRO061574,NA,NA,BISON,NA,NA,USGS_DRO061574,NA,NA,urn:uuid:65b33c91-0d87-40ba-ba5d-97a31475df8a,95067882-e084-4028-a6ae-fe1e045a4992,Melissodes trinodis,StartDateTime:200606180745xx; EndDateTime:200606181410xx,NA,NA,NA,male,http://creativecommons.org/publicdomain/zero/1.0/,NA,NA,NA,NA,https://scan-bugs.org:443/portal/collections/individual/index.php?occid=38429219,NA,NA,NA,NA,NA,NA,38429219,Duplicate,NA,NA,SCAN_Apidae,NA
Dorey_data_16381341,"Ceratina nanula Cockerell, 1897",Apidae,Xylocopinae,Ceratina,NA,NA,Ceratina nanula,nanula,NA,NA,NA,"Cockerell, 1897",NA,NA,NA,NA,NA,NA,K.T. Huntzinger 2004,NA,38,-112,Utah,NA,withheld,NA,Garfield,NA,NA,NA,NA,NA,NA,NA,NA,NA,NA,NA,NA,PRESERVED_SPECIMEN,United states,NA,NA,NA,B. Bradley,NA,NA,NA,NA,NA,NA,NA,NA,NA,BBSL489029,NA,NA,USDA-ARS,NA,NA,NA,NA,NA,urn:uuid:b5cddf84-a0bf-435c-bd4e-c0fcbcd81473,b870b19f-b0ea-4d3c-b3f0-53fbaf062e0c,Ceratina nanula,NA,NA,NA,NA,NA,http://creativecommons.org/publicdomain/zero/1.0/,NA,NA,NA,NA,https://scan-bugs.org:443/portal/collections/individual/index.php?occid=25295037,NA,NA,NA,NA,NA,NA,25295037,Duplicate,NA,NA,SCAN_Apidae,NA
Dorey_data_16549373,"Deltoptila elefas (Friese, 1917)",Apidae,Apinae,Deltoptila,NA,NA,Deltoptila elefas,elefas,NA,NA,NA,"(Friese, 1917)",NA,NA,NA,NO APLICA,NA,NA,Ismael A. Hinojosa Díaz,NA,17.4752778,-100.1777778,GUERRERO,NA,Puerto del Gallo,NA,GENERAL HELIODORO CASTILLO,NA,NA,NA,NA,NA,NA,NA,1983-11-25T00:00:00Z,NA,25,11,1983,PreservedSpecimen,Mexico,NA,NA,NA,Ricardo Ayala Barajas,NA,NA,NA,NA,1,NA,NA,NA,NA,9564,NA,NA,FC-UNAM,NA,NA,urn:catalog:FC-UNAM:MZFC:9564:10044,NA,NA,urn:uuid:31a21175-48a2-41bc-8400-712315bf3540,787cf714-e54c-48ac-b962-594ad40635f9,Deltoptila elefas,1983-11-25,NA,NA,NA,NA,http://creativecommons.org/publicdomain/zero/1.0/,NA,NA,NA,NA,https://scan-bugs.org:443/portal/collections/individual/index.php?occid=28635895,NA,NA,NA,NA,NA,NA,28635895,Duplicate,NA,NA,SCAN_Apidae,NA
Dorey_data_16765768,"Melipona interrupta Latreille, 1811",Apidae,Apinae,Melipona,NA,NA,Melipona interrupta,interrupta,NA,NA,NA,"Latreille, 1811",NA,NA,NA,NA,NA,NA,Camargo,2005,-2.55,-57.966667,Amazonas,NA,"Igarapé Maripá, 10Km W de São Sebastião",NA,NA,São Sebastião do Uatumã,NA,NA,NA,NA,NA,NA,1979-02-22T00:00:00Z,NA,22,2,1979,PreservedSpecimen,Brazil,NA,NA,NA,Camargo,NA,NA,NA,NA,NA,NA,NA,NA,NA,202C-028,NA,NA,USP-RP,NA,NA,BRA:USP-RP:RPSP:202C-028,NA,NA,urn:uuid:99530ceb-3a9e-44a7-886f-80a857de87a8,4bd1afe9-ae5b-4b62-995a-062d9938762f,Melipona interrupta,1979-02-22,NA,NA,NA,female,http://creativecommons.org/licenses/by-nc/4.0/,Universidade de São Paulo,NA,NA,NA,https://scan-bugs.org:443/portal/collections/individual/index.php?occid=60221115,NA,NA,NA,NA,NA,NA,60221115,Duplicate,NA,NA,SCAN_Apidae,NA
Dorey_data_325158,"Bombus jonellus (Kirby, 1802)",Apidae,Apinae,Bombus,NA,NA,Bombus jonellus,jonellus,NA,NA,SPECIES,"(Kirby, 1802)",NA,NA,NA,NA,NA,NA,NA,NA,59.258547,9.97315,Vestfold og Telemark,NA,"Fossestua, Sagkollen, Larvik, Larvik, Vt",NA,Vestfold og Telemark,Larvik,NOR,Norway,NOR.19_1,Vestfold,CC_BY_4_0,COORDINATE_ROUNDED;GEODETIC_DATUM_ASSUMED_WGS84,2020-05-27T00:00:00Z,NA,27,5,2020,HUMAN_OBSERVATION,Norway,NA,PRESENT,NA,Rolf Meyer,NA,NA,NA,NA,1,NA,NA,10,NA,24319375,2631873352,NA,nef,NA,NA,urn:uuid:30b6ba9c-44b3-4187-a447-10369c574e2b,1340308,NA,NA,NA,"Bombus jonellus (Kirby, 1802)",NA,NA,NA,Activity: Forage.,NA,NA,NA,NA,https://www.artsobservasjoner.no/Sighting/24319375,NA,NA,NA,NA,TRUE,FALSE,NA,NA,NA,Unique,NA,NA,GBIF_Apidae,NA
Dorey_data_514764,"Bombus lucorum (Linnaeus, 1761)",Apidae,Apinae,Bombus,NA,NA,Bombus lucorum,lucorum,NA,NA,SPECIES,"(Linnaeus, 1761)",NA,NA,NA,NA,NA,NA,NA,NA,53.284732,-6.138493,NA,EUROPE,Royal Terrace Ln; Dublin,NA,NA,NA,IRL,Ireland,IRL.6_1,Dublin,CC_BY_4_0,COORDINATE_ROUNDED,2014-09-01T00:00:00Z,NA,1,9,2014,HUMAN_OBSERVATION,NA,Occurrence,PRESENT,NA,Ciaran Taylor,NA,NA,NA,NA,NA,NA,NA,100,NA,97208269419895452,1571237525,BeesOfIreland,NBDC,NA,NA,ie.nbdc.dataset.BeesOfIreland.97208269419895452,1340298,NA,NA,NA,"Bombus lucorum (Linnaeus, 1761)",NA,NA,NA,NA,NA,NA,NA,NA,NA,NA,NA,NA,NA,TRUE,FALSE,NA,NA,NA,Unique,NA,NA,GBIF_Apidae,NA
Dorey_data_689855,"Trigona amazonensis (Ducke, 1916)",Apidae,Apinae,Trigona,NA,NA,Trigona amazonensis,amazonensis,NA,NA,SPECIES,"(Ducke, 1916)",NA,NA,NA,NA,NA,NA,Camargo,NA,-11.916667,-62.05,Rondônia,NA,Linha P47.5,NA,NA,Alta Floresta,BRA,Brazil,BRA.22_1,Rondônia,CC_BY_NC_4_0,GEODETIC_DATUM_ASSUMED_WGS84;INSTITUTION_MATCH_NONE,NA,NA,NA,NA,NA,PRESERVED_SPECIMEN,Brazil,Collection,PRESENT,NA,"Brown, Boina, Vieira",NA,NA,NA,NA,NA,NA,NA,NA,NA,RO-8460,1949774583,NA,USP-RP,"RPSP - Coleção Entomológica “Prof. J.M.F. Camargo”, FFCLRP/USP",NA,BRA:USP-RP:RPSP:RO-8460,5040800,NA,NA,NA,"Trigona amazonensis (Ducke, 1916)",NA,NA,NA,NA,FEMALE,NA,"RPSP - Coleção Entomológica “Prof. J.M.F. Camargo”, FFCLRP/USP",NA,NA,NA,NA,NA,NA,TRUE,FALSE,NA,NA,NA,Duplicate,NA,NA,GBIF_Apidae,NA
Dorey_data_865621,"Bombus ruderarius (Müller, 1776)",Apidae,Apinae,Bombus,NA,NA,Bombus ruderarius,ruderarius,NA,NA,SPECIES,"(Müller, 1776)",NA,Biota | Animalia | Arthropoda | Hexapoda | Insecta | Hymenoptera | Apocrita | Aculeata | Apoidea | Apiformes | Apidae | Bombus,NA,NA,NA,NA,NA,NA,59.31429,16.45085,Södermanland,EUROPE,"Husby-Rekarne k:a, Srm",NA,Södermanland,Eskilstuna,SWE,Sweden,SWE.14_1,Södermanland,CC0_1_0,NA,2020-06-11T00:00:00Z,NA,11,6,2020,HUMAN_OBSERVATION,Sweden,NA,PRESENT,NA,Joachim Strengbom,NA,NA,NA,NA,1,1,NA,25,NA,86228133,2809445082,urn:lsid:swedishlifewatch.se:dataprovider:Artportalen,SLU Artdatabanken,Artportalen,NA,urn:lsid:artportalen.se:sighting:86228133,1340394,NA,NA,NA,"Bombus ruderarius (Müller, 1776)",2020-06-11,NA,NA,NA,FEMALE,NA,Joachim Strengbom,Free usage,NA,NA,NA,NA,NA,TRUE,FALSE,NA,NA,NA,Unique,NA,NA,GBIF_Apidae,NA
Dorey_data_1116841,"Nomada flavopicta (Kirby, 1802)",Apidae,Nomadinae,Nomada,NA,NA,Nomada flavopicta,flavopicta,NA,NA,SPECIES,"(Kirby, 1802)",NA,NA,NA,NA,NA,NA,NA,NA,49.0083,8.53333,NA,NA,Berghausen (Baden),NA,NA,NA,DEU,Germany,DEU.1_1,Baden-Württemberg,CC_BY_4_0,INSTITUTION_MATCH_NONE,1931-07-24T00:00:00Z,NA,24,7,1931,PRESERVED_SPECIMEN,Germany,NA,PRESENT,NA,NA,NA,NA,NA,NA,NA,NA,NA,2500,NA,127042,447280085,NA,NMOK,NA,NA,NA,1343989,NA,NA,NA,"Nomada flavopicta (Kirby, 1802)",NA,NA,NA,NA,NA,NA,NA,NA,NA,NA,NA,NA,NA,TRUE,FALSE,NA,NA,NA,Unique,NA,NA,GBIF_Apidae,NA
Dorey_data_1407938,"Bombus soroeensis (Fabricius, 1776)",Apidae,Apinae,Bombus,NA,NA,Bombus soroeensis,soroeensis,NA,NA,SPECIES,"(Fabricius, 1776)",NA,NA,NA,NA,NA,Bombus soroeensis,Juho Paukkunen,NA,61.525637,29.374491,Laatokan Karjala (LK),NA,"Melkoniemi, Kallioniemi",NA,Parikkala,NA,FIN,Finland,FIN.4_1,Southern Finland,CC_BY_4_0,NA,2011-06-24T00:00:00Z,NA,24,6,2011,HUMAN_OBSERVATION,Finland,NA,PRESENT,NA,Juho Paukkunen,http://tun.fi/JX.873700#1,NA,NA,NA,2,NA,NA,1000,NA,http://tun.fi/JX.873700,1999814951,NA,NA,NA,NA,http://tun.fi/JX.873700#3,1340444,NA,NA,NA,"Bombus soroeensis (Fabricius, 1776)",NA,NA,NA,NA,NA,NA,NA,NA,NA,http://tun.fi/JX.873700#3 Source: FinBIF,NA,NA,NA,TRUE,FALSE,NA,NA,NA,Unique,NA,NA,GBIF_Apidae,NA
Dorey_data_1716118,"Apis mellifera Linnaeus, 1758",Apidae,Apinae,Apis,NA,NA,Apis mellifera,mellifera,NA,NA,SPECIES,"Linnaeus, 1758",NA,NA,NA,NA,NA,NA,NA,NA,51.035896,-2.667437,England,NA,Lytes Cary Garden 2015,NA,NA,NA,GBR,United Kingdom,GBR.1_1,England,CC_BY_NC_4_0,COORDINATE_ROUNDED,2016-05-31T00:00:00Z,NA,31,5,2016,HUMAN_OBSERVATION,NA,NA,PRESENT,NA,"Waterhouse, S. Sue",NA,NA,Standardised transect walk,NA,7,NA,NA,70.7,NA,NA,2907039908,NA,Bumblebee Conservation Trust,NA,NA,61948,1341976,NA,NA,NA,"Apis mellifera Linnaeus, 1758",NA,NA,NA,NA,NA,NA,The Bumblebee Conservation Trust,NA,NA,NA,NA,NA,NA,TRUE,FALSE,NA,NA,NA,Unique,NA,NA,GBIF_Apidae,NA
Dorey_data_1892817,"Apis mellifera Linnaeus, 1758",Apidae,Apinae,Apis,NA,NA,Apis mellifera,mellifera,NA,NA,SPECIES,"Linnaeus, 1758",NA,Animalia|Apidae,NA,NA,NA,NA,NA,NA,52.3,5.2,Flevoland,EUROPE,Almere-Haven,NA,NA,NA,NLD,Netherlands,NLD.9_1,Noord-Holland,CC_BY_NC_4_0,OCCURRENCE_STATUS_INFERRED_FROM_INDIVIDUAL_COUNT,2021-04-18T00:00:00Z,NA,18,4,2021,HUMAN_OBSERVATION,"Bonaire, saint eustatius and saba",NA,PRESENT,NA,NA,NA,NA,NA,NA,3,NA,NA,5000,NA,OBS.211019221,3728882521,NA,NA,NA,NA,https://observation.org/observation/211019221,1341976,NA,NA,NA,"Apis mellifera Linnaeus, 1758",NA,NA,NA,NA,NA,NA,Stichting Observation International,NA,NA,NA,https://data.biodiversitydata.nl/obsint/observation/OBS.211019221,NA,NA,TRUE,FALSE,NA,NA,NA,Unique,NA,NA,GBIF_Apidae,NA
Dorey_data_2136016,"Bombus ruderarius (Müller, 1776)",Apidae,Apinae,Bombus,NA,NA,Bombus ruderarius,ruderarius,NA,NA,SPECIES,"(Müller, 1776)",NA,NA,NA,NA,NA,NA,NA,NA,63.407055,10.748885,Trøndelag,NA,Grønberg,NA,NA,Malvik,NOR,Norway,NOR.15_1,Sør-Trøndelag,CC_BY_4_0,COORDINATE_ROUNDED;FOOTPRINT_SRS_INVALID,2021-05-27T00:00:00Z,2021-05-27 11:22:00/2021-05-27 11:25:00,27,5,2021,HUMAN_OBSERVATION,Norway,Event,ABSENT,NA,NA,f7e83dde-3050-48b7-b399-84114043fc04,NA,Sweep netting,NA,0,NA,NA,25,NA,NA,3741621247,NA,NA,NA,NA,81ddc81d-f44b-40a4-a865-16a0bea504b3,1340394,NA,NA,NA,"Bombus ruderarius (Müller, 1776)",NA,NA,NA,NA,NA,NA,NA,NA,NA,NA,NA,NA,NA,TRUE,FALSE,NA,NA,NA,Unique,NA,In the original data this is known as transect: 2133-17,GBIF_Apidae,NA
Dorey_data_2394432,"Bombus sylvestris (Lepeletier, 1832)",Apidae,Apinae,Bombus,NA,NA,Bombus sylvestris,sylvestris,NA,NA,SPECIES,"(Lepeletier, 1832)",NA,NA,NA,NA,NA,NA,NA,NA,59.016965,10.03077,Vestfold og Telemark,NA,Solstad,NA,NA,Larvik,NOR,Norway,NOR.19_1,Vestfold,CC_BY_4_0,COORDINATE_ROUNDED;FOOTPRINT_SRS_INVALID,2016-05-31T00:00:00Z,2016-05-31 11:10:00/2016-05-31 11:17:00,31,5,2016,HUMAN_OBSERVATION,Norway,Event,ABSENT,NA,NA,52a26ced-6c73-4432-96ee-12bb354a43b4,NA,Sweep netting,NA,0,NA,NA,25,NA,NA,3739456023,NA,NA,NA,NA,7d403643-6d01-4431-b3ee-37067b643846,1340333,NA,NA,NA,"Bombus sylvestris (Lepeletier, 1832)",NA,NA,NA,NA,NA,NA,NA,NA,NA,NA,NA,NA,NA,TRUE,FALSE,NA,NA,NA,Unique,NA,In the original data this is known as transect: 1706-11,GBIF_Apidae,NA
Dorey_data_2574690,"Bombus pascuorum (Scopoli, 1763)",Apidae,Apinae,Bombus,NA,NA,Bombus pascuorum,pascuorum,NA,NA,SPECIES,"(Scopoli, 1763)",NA,NA,NA,NA,NA,NA,NA,NA,52.777802,13.280759,NA,NA,TK25 Blatt 3245/2 - Oberhavel / Oranienburg (Ost),NA,NA,NA,DEU,Germany,DEU.4_1,Brandenburg,CC_BY_4_0,COORDINATE_ROUNDED;GEODETIC_DATUM_ASSUMED_WGS84,2021-06-06T00:00:00Z,NA,6,6,2021,HUMAN_OBSERVATION,Germany,NA,PRESENT,NA,1412694443,NA,NA,NA,NA,NA,NA,NA,25,NA,-273174827,3389124638,NA,naturgucker,NA,NA,NA,1340405,NA,NA,NA,"Bombus pascuorum (Scopoli, 1763)",NA,NA,NA,NA,NA,NA,NA,NA,NA,NA,NA,NA,NA,TRUE,FALSE,NA,NA,NA,Unique,NA,NA,GBIF_Apidae,NA
Dorey_data_2837458,"Bombus lapidarius (Linnaeus, 1758)",Apidae,Apinae,Bombus,NA,NA,Bombus lapidarius,lapidarius,NA,NA,SPECIES,"(Linnaeus, 1758)",NA,NA,NA,NA,NA,NA,J. Luig,1994-01-01T00:00:00,58.910801,22.219033,NA,NA,Kõpu,NA,Hiiu maakond,Hiiumaa vald,EST,Estonia,EST.2_1,Hiiu,CC_BY_NC_4_0,COORDINATE_ROUNDED,1990-08-24T00:00:00Z,NA,24,8,1990,PRESERVED_SPECIMEN,Estonia,PhysicalObject,PRESENT,NA,Kaupo Elberg,https://plutof.ut.ee/#/event/view/312232,NA,NA,NA,NA,NA,NA,2000,NA,TUZ240274,3017392442,NA,UTE,NA,NA,57179,1340301,NA,NA,http://grscicoll.org/institutional-collection/zoological-museum,"Bombus lapidarius (Linnaeus, 1758)",NA,NA,NA,NA,NA,NA,NA,NA,NA,NA,NA,NA,NA,TRUE,FALSE,NA,NA,NA,Unique,NA,NA,GBIF_Apidae,NA
Dorey_data_3047859,"Apis mellifera Linnaeus, 1758",Apidae,Apinae,Apis,NA,NA,Apis mellifera,mellifera,NA,NA,SPECIES,"Linnaeus, 1758",NA,Animalia|Apidae,NA,NA,NA,NA,NA,NA,52.3,5.6,Gelderland,EUROPE,Ermelo - Tonsel,NA,NA,NA,NLD,Netherlands,NLD.4_1,Gelderland,CC_BY_NC_4_0,OCCURRENCE_STATUS_INFERRED_FROM_INDIVIDUAL_COUNT,2020-09-18T00:00:00Z,16:34,18,9,2020,HUMAN_OBSERVATION,"Bonaire, saint eustatius and saba",NA,PRESENT,NA,NA,NA,NA,NA,NA,1,NA,NA,5000,NA,OBS.200307710,3726652653,NA,NA,NA,NA,https://observation.org/observation/200307710,1341976,NA,NA,NA,"Apis mellifera Linnaeus, 1758",NA,NA,NA,NA,NA,NA,Stichting Observation International,NA,NA,NA,https://data.biodiversitydata.nl/obsint/observation/OBS.200307710,NA,NA,TRUE,FALSE,NA,NA,NA,Unique,NA,NA,GBIF_Apidae,NA
Dorey_data_3226809,"Bombus terrestris (Linnaeus, 1758)",Apidae,Apinae,Bombus,NA,NA,Bombus terrestris,terrestris,NA,NA,SPECIES,"(Linnaeus, 1758)",NA,NA,NA,NA,NA,NA,"welfare, mark",NA,55.158966,-1.703347,England,NA,morpeth west,NA,NA,NA,GBR,United Kingdom,GBR.1_1,England,CC_BY_4_0,FOOTPRINT_WKT_INVALID,2020-09-03T00:00:00Z,NA,3,9,2020,HUMAN_OBSERVATION,NA,NA,PRESENT,NA,"Welfare, M. Mark",12541052,NA,NA,NA,5,NA,NA,1414.2,NA,NA,3038298632,NA,NA,NA,NA,18619224,1340503,NA,NA,NA,"Bombus terrestris (Linnaeus, 1758)",NA,NA,NA,NA,NA,NA,Biological Records Centre,NA,NA,NA,NA,OSGB Grid Reference NZ18X,NA,TRUE,FALSE,NA,NA,NA,Unique,NA,NA,GBIF_Apidae,NA
Dorey_data_3383514,"Bombus terrestris (Linnaeus, 1758)",Apidae,Apinae,Bombus,NA,NA,Bombus terrestris,terrestris,NA,NA,SPECIES,"(Linnaeus, 1758)",NA,NA,NA,NA,NA,NA,NA,NA,47.06295,7.07663,Ne,NA,NA,NA,NA,NA,CHE,Switzerland,CHE.13_1,Neuchâtel,CC_BY_4_0,NA,2014-05-08T00:00:00Z,NA,8,5,2014,HUMAN_OBSERVATION,Switzerland,NA,PRESENT,NA,Ducommun Alain,NA,NA,Sight sampling,NA,NA,NA,NA,3535,NA,CSCF-API-291902,3003312087,CSCF-API,NA,Swiss National Apoidea Databank,NA,CSCF-API-291902,1340503,NA,NA,NA,"Bombus terrestris (Linnaeus, 1758)",NA,NA,NA,NA,FEMALE,NA,Info Fauna - Centre Suisse de Cartographie de la Faune,NA,NA,NA,NA,NA,NA,TRUE,FALSE,NA,NA,NA,Unique,NA,NA,GBIF_Apidae,NA
Dorey_data_3542710,"Bombus lapidarius (Linnaeus, 1758)",Apidae,Apinae,Bombus,NA,NA,Bombus lapidarius,lapidarius,NA,NA,SPECIES,"(Linnaeus, 1758)",NA,NA,NA,NA,NA,NA,Van Keer K.,NA,51.19607,4.396196,antwerpen,NA,Antwerpen - Waalse Kaai (Dg),NA,NA,Antwerpen,BEL,Belgium,BEL.2_1,Vlaanderen,CC_BY_4_0,OCCURRENCE_STATUS_INFERRED_FROM_INDIVIDUAL_COUNT,2013-07-21T00:00:00Z,NA,21,7,2013,MACHINE_OBSERVATION,Belgium,NA,PRESENT,131014,Van Keer K.,NA,NA,NA,NA,1,NA,1e-5,3535,NA,NA,2520817743,NA,NA,BelBEES2018,NA,BDFGM_2548307,1340301,NA,NA,NA,"Bombus lapidarius (Linnaeus, 1758)",NA,NA,NA,NA,NA,NA,Natuurpunt,NA,NA,"Wild bees of Belgium v.2019_06_29 UMons P.Rasmont D.Michez, UGent G.Smagghe D.De Graaf, UNamur N.Dendoncker, ULiege M.Dufrene, RBIN JL Boeve A Pauly, Natuurpunt.be JDHaeseler, Natagora JLPaquet,  pierre.rasmont@umons.ac.be",NA,NA,NA,TRUE,FALSE,NA,NA,NA,Unique,NA,NA,GBIF_Apidae,NA
Dorey_data_3771559,"Bombus pratorum (Linnaeus, 1761)",Apidae,Apinae,Bombus,NA,NA,Bombus pratorum,pratorum,NA,NA,SPECIES,"(Linnaeus, 1761)",NA,NA,NA,NA,NA,NA,NA,NA,59.064364,11.573463,Viken,NA,Prestebakke,NA,NA,Halden,NOR,Norway,NOR.2_1,Ãstfold,CC_BY_4_0,COORDINATE_ROUNDED;FOOTPRINT_SRS_INVALID,2009-07-28T00:00:00Z,2009-07-28 11:07:00/2009-07-28 11:19:00,28,7,2009,HUMAN_OBSERVATION,Norway,Event,ABSENT,NA,NA,428d9b74-ec66-4908-aed2-02a096cc0b3e,NA,Sweep netting,NA,0,NA,NA,25,NA,NA,3739395510,NA,NA,NA,NA,7400d25d-3173-42b5-b637-74dafe13a434,1340305,NA,NA,NA,"Bombus pratorum (Linnaeus, 1761)",NA,NA,NA,NA,NA,NA,NA,NA,NA,NA,NA,NA,NA,TRUE,FALSE,NA,NA,NA,Unique,NA,In the original data this is known as transect: 2206-2-4,GBIF_Apidae,NA
Dorey_data_3952491,"Apis mellifera Linnaeus, 1758",Apidae,Apinae,Apis,NA,NA,Apis mellifera,mellifera,NA,NA,SPECIES,"Linnaeus, 1758",NA,NA,NA,NA,NA,NA,warwickestates,2022-07-07T12:46:18,52.377493,-1.5589,England,NA,NA,NA,NA,NA,GBR,United Kingdom,GBR.1_1,England,CC_BY_NC_4_0,COORDINATE_ROUNDED,2022-07-07T13:42:58Z,12:42:58Z,7,7,2022,HUMAN_OBSERVATION,NA,NA,PRESENT,NA,warwickestates,NA,NA,NA,NA,NA,NA,NA,21,NA,125155790,3888778480,NA,iNaturalist,iNaturalist research-grade observations,NA,https://www.inaturalist.org/observations/125155790,1341976,NA,NA,NA,"Apis mellifera Linnaeus, 1758",2022-07-07 13:42:58,NA,NA,NA,NA,NA,warwickestates,NA,NA,NA,https://www.inaturalist.org/observations/125155790,NA,NA,TRUE,FALSE,NA,NA,NA,Unique,NA,NA,GBIF_Apidae,NA
Dorey_data_4149318,"Apis mellifera Linnaeus, 1758",Apidae,Apinae,Apis,NA,NA,Apis mellifera,mellifera,NA,NA,SPECIES,"Linnaeus, 1758",NA,NA,NA,NA,NA,NA,NA,NA,47.51303,0.2716,NA,NA,NA,NA,Indre-et-Loire,Saint-Laurent-de-Lin,FRA,France,FRA.4_1,Centre-Val de Loire,CC_BY_4_0,RECORDED_DATE_INVALID,NA,NA,NA,NA,NA,HUMAN_OBSERVATION,France,NA,PRESENT,NA,Cocquempot C. (),abb6c941-8933-4149-91fa-138e456be17c,NA,NA,NA,NA,NA,NA,3628,NA,NA,3846868322,B6320C7D-9740-1BBC-E053-5014A8C09B45,NA,NA,NA,abb6c941-8933-4149-91fa-138e456be17c,1341976,NA,NA,NA,"Apis mellifera Linnaeus, 1758",NA,NA,NA,NA,NA,NA,NA,NA,NA,NA,NA,NA,NA,TRUE,FALSE,NA,NA,NA,Unique,NA,NA,GBIF_Apidae,NA
Dorey_data_4366920,"Bombus balteatus Dahlbom, 1832",Apidae,Apinae,Bombus,NA,NA,Bombus balteatus,balteatus,NA,NA,SPECIES,"Dahlbom, 1832",NA,NA,NA,NA,NA,NA,NA,NA,63.412023,10.390059,Trøndelag,NA,Sorgenfri,NA,NA,Trondheim,NOR,Norway,NOR.15_1,Sør-Trøndelag,CC_BY_4_0,COORDINATE_ROUNDED;FOOTPRINT_SRS_INVALID,2015-06-28T00:00:00Z,2015-06-28 15:20:00/2015-06-28 15:24:00,28,6,2015,HUMAN_OBSERVATION,Norway,Event,ABSENT,NA,NA,5d99aeba-93fd-4920-bf04-a39f3bd373d0,NA,Sweep netting,NA,0,NA,NA,25,NA,NA,3739763201,NA,NA,NA,NA,9e105217-8eda-4760-91d2-efa77b94f0b1,1340403,NA,NA,NA,"Bombus balteatus Dahlbom, 1832",NA,NA,NA,NA,NA,NA,NA,NA,NA,NA,NA,NA,NA,TRUE,FALSE,NA,NA,NA,Unique,NA,In the original data this is known as transect: 2033-6,GBIF_Apidae,NA
Dorey_data_4842533,"Apis mellifera Linnaeus, 1758",Apidae,Apinae,Apis,NA,NA,Apis mellifera,mellifera,NA,NA,SPECIES,"Linnaeus, 1758",NA,NA,NA,NA,NA,NA,Lucy Cash,2022-07-28T15:31:23,20.968145,-89.629873,Yucatán,NA,NA,NA,NA,NA,MEX,Mexico,MEX.31_1,Yucatán,CC_BY_NC_4_0,COORDINATE_ROUNDED,2022-07-28T09:53:24Z,14:53:24Z,28,7,2022,HUMAN_OBSERVATION,Mexico,NA,PRESENT,NA,Lucy Cash,NA,NA,NA,NA,NA,NA,NA,3970,NA,128308505,3881476906,NA,iNaturalist,iNaturalist research-grade observations,NA,https://www.inaturalist.org/observations/128308505,1341976,NA,NA,NA,"Apis mellifera Linnaeus, 1758",2022-07-28 09:53:24,NA,NA,NA,NA,NA,Lucy Cash,NA,NA,NA,https://www.inaturalist.org/observations/128308505,NA,NA,TRUE,FALSE,NA,NA,NA,Unique,NA,NA,GBIF_Apidae,NA
