"database_id","id","catalogNumber","occurrenceID","dataSource",".scientificName_empty",".coordinates_empty",".coordinates_outOfRange",".basisOfRecords_notStandard",".coordinates_country_inconsistent",".occurrenceAbsent",".unLicensed",".GBIFflags",".summary",".uncer_terms",".invalidName",".rou",".val",".equ",".zer",".cap",".cen",".gbf",".inst",".sequential",".lonFlag",".latFlag",".gridSummary",".uncertaintyThreshold",".countryOutlier",".sea",".eventDate_empty",".year_outOfRange",".duplicates"
"Dorey_data_5861577",NA,"AMNH_IZC 00323864","85fb767f-1f99-482f-896c-69dce8b59097","GBIF_Megachilidae",TRUE,FALSE,TRUE,TRUE,TRUE,TRUE,TRUE,TRUE,FALSE,TRUE,TRUE,FALSE,NA,NA,NA,NA,NA,NA,NA,TRUE,FALSE,FALSE,FALSE,NA,NA,TRUE,TRUE,FALSE,TRUE
"Dorey_data_10165552",NA,"134602","658924587","iDigBio_andrenidae",TRUE,FALSE,TRUE,TRUE,TRUE,TRUE,TRUE,TRUE,FALSE,TRUE,TRUE,FALSE,NA,NA,NA,NA,NA,NA,NA,TRUE,TRUE,TRUE,TRUE,NA,NA,TRUE,TRUE,TRUE,TRUE
"Dorey_data_10621475",NA,"BBSL730638","659132560","iDigBio_colletidae",TRUE,FALSE,TRUE,TRUE,TRUE,TRUE,TRUE,TRUE,FALSE,TRUE,TRUE,FALSE,NA,NA,NA,NA,NA,NA,NA,TRUE,TRUE,TRUE,TRUE,NA,NA,TRUE,TRUE,TRUE,TRUE
"Dorey_data_11076793",NA,"101736","658782272","iDigBio_apidae",TRUE,FALSE,TRUE,TRUE,TRUE,TRUE,TRUE,TRUE,FALSE,TRUE,TRUE,FALSE,NA,NA,NA,NA,NA,NA,NA,TRUE,TRUE,TRUE,TRUE,NA,NA,TRUE,TRUE,TRUE,TRUE
"Dorey_data_10862636",NA,"55291","urn:catalog:NHMO:ENT:55291","iDigBio_megachilidae",TRUE,FALSE,TRUE,TRUE,TRUE,TRUE,TRUE,TRUE,FALSE,TRUE,TRUE,FALSE,NA,NA,NA,NA,NA,NA,NA,TRUE,TRUE,TRUE,TRUE,NA,NA,TRUE,TRUE,TRUE,TRUE
"Paige_data_578468",NA,"AMNH_BEE 00184511","85d962fe-d8e1-11e2-99a2-0026552be7ea","GBIF_Halictidae",TRUE,TRUE,TRUE,TRUE,TRUE,TRUE,TRUE,TRUE,FALSE,TRUE,TRUE,TRUE,TRUE,TRUE,TRUE,TRUE,TRUE,TRUE,TRUE,TRUE,FALSE,FALSE,FALSE,NA,TRUE,TRUE,TRUE,TRUE,TRUE
"Dorey_data_5622826",NA,NA,"06afb63d-cdce-4069-ab32-eed79e310039","GBIF_Megachilidae",TRUE,TRUE,TRUE,TRUE,TRUE,TRUE,TRUE,TRUE,TRUE,TRUE,TRUE,TRUE,TRUE,TRUE,TRUE,TRUE,TRUE,TRUE,TRUE,TRUE,TRUE,TRUE,TRUE,NA,TRUE,TRUE,TRUE,TRUE,TRUE
"Dorey_data_2194896",NA,"AMNH_BEE 00044938","83e246c8-d8e1-11e2-99a2-0026552be7ea","GBIF_Apidae",TRUE,TRUE,TRUE,TRUE,TRUE,TRUE,TRUE,TRUE,FALSE,TRUE,TRUE,TRUE,TRUE,TRUE,TRUE,TRUE,TRUE,TRUE,TRUE,TRUE,FALSE,FALSE,FALSE,NA,TRUE,TRUE,TRUE,TRUE,TRUE
"Dorey_data_4277558",NA,"1364590","f3fb1f8d-b1c5-4114-97b3-a35c3ac4f61c","GBIF_Apidae",TRUE,FALSE,TRUE,TRUE,TRUE,TRUE,TRUE,TRUE,FALSE,TRUE,TRUE,FALSE,NA,NA,NA,NA,NA,NA,NA,TRUE,FALSE,FALSE,FALSE,NA,NA,TRUE,TRUE,TRUE,TRUE
"Dorey_data_8096032",NA,"ZMA.INS.854817","https://data.biodiversitydata.nl/naturalis/specimen/ZMA.INS.854817","GBIF_Halictidae",TRUE,FALSE,TRUE,TRUE,TRUE,TRUE,TRUE,TRUE,FALSE,TRUE,TRUE,FALSE,NA,NA,NA,NA,NA,NA,NA,TRUE,TRUE,TRUE,TRUE,NA,NA,TRUE,TRUE,TRUE,TRUE
"Dorey_data_11133610",NA,"ZMA.INS.618449","https://data.biodiversitydata.nl/naturalis/specimen/ZMA.INS.618449","iDigBio_apidae",TRUE,FALSE,TRUE,TRUE,TRUE,TRUE,TRUE,TRUE,FALSE,TRUE,TRUE,FALSE,NA,NA,NA,NA,NA,NA,NA,TRUE,TRUE,TRUE,TRUE,NA,NA,TRUE,TRUE,FALSE,TRUE
"Dorey_data_12067726",NA,"ZMA.INS.826785","https://data.biodiversitydata.nl/naturalis/specimen/ZMA.INS.826785","iDigBio_apidae",TRUE,FALSE,TRUE,TRUE,TRUE,TRUE,TRUE,TRUE,FALSE,TRUE,TRUE,FALSE,NA,NA,NA,NA,NA,NA,NA,TRUE,TRUE,TRUE,TRUE,NA,NA,TRUE,TRUE,FALSE,TRUE
"Dorey_data_13814561","49477280","AMNH_BEE 00149848","8566d720-d8e1-11e2-99a2-0026552be7ea","SCAN_Apidae",TRUE,FALSE,TRUE,TRUE,TRUE,TRUE,TRUE,TRUE,FALSE,TRUE,TRUE,FALSE,NA,NA,NA,NA,NA,NA,NA,TRUE,TRUE,TRUE,TRUE,NA,NA,TRUE,TRUE,TRUE,TRUE
"Dorey_data_15555860","15585170","495099","25158400-1ed6-11e3-bfac-90b11c41863e","SCAN_Halictidae",TRUE,FALSE,TRUE,TRUE,TRUE,TRUE,TRUE,TRUE,FALSE,TRUE,TRUE,FALSE,NA,NA,NA,NA,NA,NA,NA,TRUE,TRUE,TRUE,TRUE,NA,NA,TRUE,TRUE,FALSE,TRUE
"Dorey_data_12578317","61353163","INHS Insect Collection 343610","85311084-bc68-4ff4-91b9-ccb70a344030","SCAN_Apidae",TRUE,FALSE,TRUE,TRUE,TRUE,TRUE,TRUE,TRUE,FALSE,TRUE,TRUE,FALSE,NA,NA,NA,NA,NA,NA,NA,TRUE,TRUE,TRUE,TRUE,NA,NA,TRUE,TRUE,FALSE,TRUE
"Dorey_data_16704162","60029034","FLG-3493","BRA:USP-RP:RPSP:FLG-3493","SCAN_Apidae",TRUE,FALSE,TRUE,TRUE,TRUE,TRUE,TRUE,TRUE,FALSE,TRUE,TRUE,FALSE,NA,NA,NA,NA,NA,NA,NA,TRUE,TRUE,TRUE,TRUE,NA,NA,TRUE,TRUE,TRUE,TRUE
"Dorey_data_3180550",NA,"LABUN26604","03EC87AF3179FFCB50CA05CCA89E3788.mc.3B2D3CE43177FFCB52890249A9923764","GBIF_Apidae",TRUE,FALSE,TRUE,FALSE,TRUE,TRUE,TRUE,TRUE,FALSE,TRUE,TRUE,FALSE,NA,NA,NA,NA,NA,NA,NA,TRUE,TRUE,TRUE,TRUE,NA,NA,TRUE,FALSE,TRUE,TRUE
"Dorey_data_4691171",NA,"ZMA.INS.646816","https://data.biodiversitydata.nl/naturalis/specimen/ZMA.INS.646816","GBIF_Apidae",TRUE,FALSE,TRUE,TRUE,TRUE,TRUE,TRUE,TRUE,FALSE,TRUE,TRUE,FALSE,NA,NA,NA,NA,NA,NA,NA,TRUE,TRUE,TRUE,TRUE,NA,NA,TRUE,TRUE,FALSE,TRUE
"Dorey_data_5580202",NA,"15714","33893831-74e9-4702-9748-e466238eb4b5","GBIF_Megachilidae",TRUE,FALSE,TRUE,TRUE,TRUE,TRUE,TRUE,TRUE,FALSE,TRUE,TRUE,FALSE,NA,NA,NA,NA,NA,NA,NA,TRUE,TRUE,TRUE,TRUE,NA,NA,TRUE,TRUE,TRUE,TRUE
"Dorey_data_8125678",NA,"RMNH.INS.821500","https://data.biodiversitydata.nl/naturalis/specimen/RMNH.INS.821500","GBIF_Halictidae",TRUE,FALSE,TRUE,TRUE,TRUE,TRUE,TRUE,TRUE,FALSE,TRUE,TRUE,FALSE,NA,NA,NA,NA,NA,NA,NA,TRUE,TRUE,TRUE,TRUE,NA,NA,TRUE,TRUE,FALSE,TRUE
"Dorey_data_13814667","49667267","AMNH_BEE 00150342","85670894-d8e1-11e2-99a2-0026552be7ea","SCAN_Apidae",TRUE,FALSE,TRUE,TRUE,TRUE,TRUE,TRUE,TRUE,FALSE,TRUE,TRUE,FALSE,NA,NA,NA,NA,NA,NA,NA,TRUE,TRUE,TRUE,TRUE,NA,NA,TRUE,TRUE,TRUE,TRUE
"Dorey_data_15004947","49489781","AMNH_BEE 00099924","84cdee48-d8e1-11e2-99a2-0026552be7ea","SCAN_Megachilidae",TRUE,FALSE,TRUE,TRUE,TRUE,TRUE,TRUE,TRUE,FALSE,TRUE,TRUE,FALSE,NA,NA,NA,NA,NA,NA,NA,TRUE,TRUE,TRUE,TRUE,NA,NA,TRUE,TRUE,TRUE,TRUE
"Dorey_data_5037210",NA,"1212112","e321b13b-2028-4938-b6b3-5b1c2c666805","GBIF_Apidae",TRUE,FALSE,TRUE,TRUE,TRUE,TRUE,TRUE,TRUE,FALSE,TRUE,FALSE,FALSE,NA,NA,NA,NA,NA,NA,NA,TRUE,FALSE,FALSE,FALSE,NA,NA,TRUE,TRUE,TRUE,TRUE
"Dorey_data_11128883",NA,"ZMA.INS.756554","https://data.biodiversitydata.nl/naturalis/specimen/ZMA.INS.756554","iDigBio_apidae",TRUE,FALSE,TRUE,TRUE,TRUE,TRUE,TRUE,TRUE,FALSE,TRUE,FALSE,FALSE,NA,NA,NA,NA,NA,NA,NA,TRUE,TRUE,TRUE,TRUE,NA,NA,TRUE,TRUE,FALSE,TRUE
"Dorey_data_12021473",NA,"ZMA.INS.684242","https://data.biodiversitydata.nl/naturalis/specimen/ZMA.INS.684242","iDigBio_apidae",TRUE,FALSE,TRUE,TRUE,TRUE,TRUE,TRUE,TRUE,FALSE,TRUE,FALSE,FALSE,NA,NA,NA,NA,NA,NA,NA,TRUE,TRUE,TRUE,TRUE,NA,NA,TRUE,TRUE,FALSE,TRUE
"Dorey_data_15654128","61276087","INHS Insect Collection 316226","e42bf690-0092-4198-8222-33e9a28af42c","SCAN_Halictidae",TRUE,FALSE,TRUE,TRUE,TRUE,TRUE,TRUE,TRUE,FALSE,TRUE,FALSE,FALSE,NA,NA,NA,NA,NA,NA,NA,TRUE,TRUE,TRUE,TRUE,NA,NA,TRUE,FALSE,TRUE,TRUE
"Dorey_data_10104519",NA,"290613","207b8e36-1ed6-11e3-bfac-90b11c41863e","iDigBio_andrenidae",TRUE,TRUE,TRUE,TRUE,TRUE,TRUE,TRUE,TRUE,FALSE,TRUE,TRUE,TRUE,TRUE,TRUE,TRUE,TRUE,TRUE,TRUE,TRUE,TRUE,FALSE,FALSE,FALSE,NA,TRUE,TRUE,TRUE,TRUE,TRUE
"Dorey_data_16513876","25468852","YOSE165369",NA,"SCAN_Apidae",TRUE,TRUE,TRUE,TRUE,TRUE,TRUE,TRUE,TRUE,FALSE,TRUE,TRUE,FALSE,TRUE,TRUE,TRUE,TRUE,TRUE,TRUE,TRUE,TRUE,TRUE,TRUE,TRUE,NA,TRUE,TRUE,FALSE,TRUE,TRUE
"Dorey_data_664973",NA,"905C- 011","BRA:USP-RP:RPSP:905C-011","GBIF_Apidae",TRUE,TRUE,TRUE,TRUE,TRUE,TRUE,TRUE,TRUE,TRUE,TRUE,TRUE,TRUE,TRUE,TRUE,TRUE,TRUE,TRUE,TRUE,TRUE,TRUE,TRUE,TRUE,TRUE,NA,TRUE,TRUE,TRUE,TRUE,TRUE
"Dorey_data_1289164",NA,NA,"d38f07f1-94aa-4469-b122-0a6191618507","GBIF_Apidae",TRUE,TRUE,TRUE,TRUE,TRUE,FALSE,TRUE,TRUE,FALSE,TRUE,TRUE,TRUE,TRUE,TRUE,TRUE,TRUE,TRUE,TRUE,TRUE,TRUE,TRUE,TRUE,TRUE,TRUE,TRUE,TRUE,TRUE,TRUE,TRUE
"Paige_data_1817981",NA,"BBSL366460","658942953","GBIF_Apidae",TRUE,TRUE,TRUE,TRUE,TRUE,TRUE,TRUE,TRUE,FALSE,TRUE,TRUE,TRUE,TRUE,TRUE,TRUE,TRUE,TRUE,TRUE,TRUE,TRUE,TRUE,TRUE,TRUE,NA,TRUE,TRUE,FALSE,TRUE,TRUE
"Paige_data_850222",NA,"14792670","https://www.inaturalist.org/observations/14792670","GBIF_Apidae",TRUE,TRUE,TRUE,TRUE,TRUE,TRUE,TRUE,TRUE,TRUE,TRUE,TRUE,TRUE,TRUE,TRUE,TRUE,TRUE,TRUE,TRUE,TRUE,TRUE,TRUE,TRUE,TRUE,NA,TRUE,TRUE,TRUE,TRUE,TRUE
"Paige_data_972502",NA,"5629210","https://www.inaturalist.org/observations/5629210","GBIF_Apidae",TRUE,TRUE,TRUE,TRUE,TRUE,TRUE,TRUE,TRUE,FALSE,TRUE,TRUE,TRUE,TRUE,TRUE,TRUE,TRUE,TRUE,TRUE,TRUE,TRUE,TRUE,TRUE,TRUE,FALSE,TRUE,TRUE,TRUE,TRUE,TRUE
"Dorey_data_4531385",NA,NA,"d4e1d2ae-33f0-4a83-b6fb-4c2b59f79359","GBIF_Apidae",TRUE,TRUE,TRUE,TRUE,TRUE,FALSE,TRUE,TRUE,FALSE,TRUE,TRUE,TRUE,TRUE,TRUE,TRUE,TRUE,TRUE,TRUE,TRUE,TRUE,TRUE,TRUE,TRUE,TRUE,TRUE,TRUE,TRUE,TRUE,TRUE
"Dorey_data_5373863",NA,"http://tun.fi/KE.176/5edd05d62d0e5b1e1b945a07","http://tun.fi/KE.176/5edd05d62d0e5b1e1b945a07#Unit11","GBIF_Apidae",TRUE,TRUE,TRUE,TRUE,TRUE,FALSE,TRUE,TRUE,FALSE,TRUE,TRUE,TRUE,TRUE,TRUE,TRUE,TRUE,TRUE,TRUE,TRUE,TRUE,TRUE,TRUE,TRUE,FALSE,TRUE,TRUE,TRUE,TRUE,TRUE
"Paige_data_2158492",NA,"YOSE162375","659097324","GBIF_Megachilidae",TRUE,TRUE,TRUE,TRUE,TRUE,TRUE,TRUE,TRUE,FALSE,TRUE,TRUE,TRUE,TRUE,TRUE,TRUE,TRUE,TRUE,TRUE,TRUE,TRUE,TRUE,TRUE,TRUE,NA,TRUE,TRUE,FALSE,TRUE,TRUE
"Paige_data_2186791",NA,"329188","2a48f670-1ed6-11e3-bfac-90b11c41863e","GBIF_Megachilidae",TRUE,TRUE,TRUE,TRUE,TRUE,TRUE,TRUE,TRUE,FALSE,TRUE,TRUE,TRUE,TRUE,TRUE,TRUE,TRUE,TRUE,TRUE,TRUE,TRUE,FALSE,FALSE,FALSE,NA,TRUE,TRUE,TRUE,TRUE,TRUE
"Dorey_data_6963886",NA,"SBV055664","73cd8976-c45c-43b7-9d6b-013690dcd0b8","GBIF_Halictidae",TRUE,TRUE,TRUE,TRUE,TRUE,TRUE,TRUE,TRUE,TRUE,TRUE,TRUE,TRUE,TRUE,TRUE,TRUE,TRUE,TRUE,TRUE,TRUE,TRUE,TRUE,TRUE,TRUE,NA,TRUE,TRUE,TRUE,TRUE,TRUE
"Paige_data_1472039",NA,"BBSL618969","658834439","GBIF_Halictidae",TRUE,TRUE,TRUE,TRUE,TRUE,TRUE,TRUE,TRUE,FALSE,TRUE,TRUE,TRUE,TRUE,TRUE,TRUE,TRUE,TRUE,TRUE,TRUE,TRUE,TRUE,TRUE,TRUE,NA,TRUE,TRUE,FALSE,TRUE,TRUE
"Dorey_data_7737996",NA,"CSCF-API-729267","CSCF-API-729267","GBIF_Halictidae",TRUE,TRUE,TRUE,TRUE,TRUE,TRUE,TRUE,TRUE,FALSE,TRUE,TRUE,TRUE,TRUE,TRUE,TRUE,TRUE,TRUE,TRUE,TRUE,TRUE,TRUE,TRUE,TRUE,FALSE,TRUE,TRUE,TRUE,TRUE,TRUE
"Paige_data_1500478",NA,"SamplingEventNumber:USGS_DRO14796 | SpecimenNumber:USGS_DRO427643","USGS_DRO427643","GBIF_Halictidae",TRUE,TRUE,TRUE,TRUE,TRUE,TRUE,TRUE,TRUE,TRUE,TRUE,TRUE,TRUE,TRUE,TRUE,TRUE,TRUE,TRUE,TRUE,TRUE,TRUE,TRUE,TRUE,TRUE,TRUE,TRUE,TRUE,TRUE,TRUE,TRUE
"Paige_data_2023380",NA,"BBSL340690","659032933","GBIF_Andrenidae",TRUE,TRUE,TRUE,TRUE,TRUE,TRUE,TRUE,TRUE,TRUE,TRUE,TRUE,TRUE,TRUE,TRUE,TRUE,TRUE,TRUE,TRUE,TRUE,TRUE,TRUE,TRUE,TRUE,NA,TRUE,TRUE,TRUE,TRUE,TRUE
"Paige_data_2133956",NA,"217000","3859c8bd-1ed6-11e3-bfac-90b11c41863e","GBIF_Andrenidae",TRUE,TRUE,TRUE,TRUE,TRUE,TRUE,TRUE,TRUE,FALSE,TRUE,TRUE,TRUE,TRUE,TRUE,TRUE,TRUE,TRUE,TRUE,TRUE,TRUE,FALSE,FALSE,FALSE,NA,TRUE,TRUE,TRUE,TRUE,TRUE
"Dorey_data_9568476",NA,"AMNH_BEE 00027899","urn:uuid:83856660-d8e1-11e2-99a2-0026552be7ea","iDigBio_halictidae",TRUE,TRUE,TRUE,TRUE,TRUE,TRUE,TRUE,TRUE,FALSE,TRUE,TRUE,TRUE,TRUE,TRUE,TRUE,TRUE,TRUE,TRUE,TRUE,TRUE,FALSE,FALSE,FALSE,NA,NA,FALSE,TRUE,TRUE,TRUE
"Dorey_data_10104338",NA,"289568","2403646f-1ed6-11e3-bfac-90b11c41863e","iDigBio_andrenidae",TRUE,TRUE,TRUE,TRUE,TRUE,TRUE,TRUE,TRUE,FALSE,TRUE,TRUE,TRUE,TRUE,TRUE,TRUE,TRUE,TRUE,TRUE,TRUE,TRUE,FALSE,FALSE,FALSE,NA,TRUE,TRUE,TRUE,TRUE,TRUE
"Dorey_data_10523252",NA,"X1376170","b75ed897-f7e5-4267-8fbb-39e0e366a771","iDigBio_colletidae",TRUE,TRUE,TRUE,TRUE,TRUE,TRUE,TRUE,TRUE,TRUE,TRUE,TRUE,TRUE,TRUE,TRUE,TRUE,TRUE,TRUE,TRUE,TRUE,TRUE,TRUE,TRUE,TRUE,NA,TRUE,TRUE,TRUE,TRUE,TRUE
"Dorey_data_11050901",NA,"67910","urn:catalog:AMGS:AMGS:67910","iDigBio_apidae",TRUE,TRUE,TRUE,TRUE,TRUE,TRUE,TRUE,TRUE,FALSE,TRUE,TRUE,FALSE,TRUE,TRUE,TRUE,TRUE,TRUE,TRUE,TRUE,TRUE,TRUE,TRUE,TRUE,NA,TRUE,TRUE,TRUE,TRUE,TRUE
"Dorey_data_11490216",NA,"SamplingEventNumber:USGS_DRO9749 | SpecimenNumber:USGS_DRO290831","USGS_DRO290831","iDigBio_apidae",TRUE,TRUE,TRUE,TRUE,TRUE,TRUE,TRUE,TRUE,TRUE,TRUE,TRUE,TRUE,TRUE,TRUE,TRUE,TRUE,TRUE,TRUE,TRUE,TRUE,TRUE,TRUE,TRUE,NA,TRUE,TRUE,TRUE,TRUE,TRUE
"Dorey_data_12003641",NA,"1575691","63a8f46b-bc91-4e48-8e22-7a5e1f97b46b","iDigBio_apidae",TRUE,TRUE,TRUE,TRUE,TRUE,TRUE,TRUE,TRUE,FALSE,TRUE,TRUE,TRUE,TRUE,TRUE,TRUE,TRUE,TRUE,TRUE,TRUE,TRUE,FALSE,FALSE,FALSE,NA,TRUE,TRUE,TRUE,TRUE,TRUE
"Dorey_data_13020835","14339575","YPM ENT 709715","urn:uuid:c5f8e240-e7b5-4d1e-a85c-943b59453d6f","SCAN_Apidae",TRUE,TRUE,TRUE,TRUE,TRUE,TRUE,TRUE,TRUE,FALSE,TRUE,TRUE,TRUE,TRUE,TRUE,TRUE,TRUE,TRUE,TRUE,TRUE,TRUE,TRUE,TRUE,TRUE,FALSE,TRUE,TRUE,TRUE,TRUE,TRUE
"Dorey_data_14423131","19217147","1401690","7fe2a59b-e3b2-42ac-a3f4-1c642f9d896d","SCAN_Colletidae",TRUE,TRUE,TRUE,TRUE,TRUE,TRUE,TRUE,TRUE,TRUE,TRUE,TRUE,TRUE,TRUE,TRUE,TRUE,TRUE,TRUE,TRUE,TRUE,TRUE,TRUE,TRUE,TRUE,NA,TRUE,TRUE,TRUE,TRUE,TRUE
"Dorey_data_15306235","43933109","SBV077393","d4a5fc6b-add8-48ad-b1c0-07448c949174","SCAN_Halictidae",TRUE,TRUE,TRUE,TRUE,TRUE,TRUE,TRUE,TRUE,TRUE,TRUE,TRUE,TRUE,TRUE,TRUE,TRUE,TRUE,TRUE,TRUE,TRUE,TRUE,TRUE,TRUE,TRUE,NA,TRUE,TRUE,TRUE,TRUE,TRUE
"Dorey_data_16755493","60196014","90527","urn:catalog:ECOSUR:ECO-SC-AB:90527:e3de9c3f90a185b922d130ed9be4a431","SCAN_Apidae",TRUE,TRUE,TRUE,TRUE,TRUE,TRUE,TRUE,TRUE,TRUE,TRUE,TRUE,TRUE,TRUE,TRUE,TRUE,TRUE,TRUE,TRUE,TRUE,TRUE,TRUE,TRUE,TRUE,NA,TRUE,TRUE,TRUE,TRUE,TRUE
"Dorey_data_17114057","USGS_DRO214774",NA,"USGS_DRO214774","USGS_data",TRUE,TRUE,TRUE,TRUE,TRUE,TRUE,TRUE,TRUE,TRUE,TRUE,TRUE,TRUE,TRUE,TRUE,TRUE,TRUE,TRUE,TRUE,TRUE,TRUE,TRUE,TRUE,TRUE,TRUE,TRUE,TRUE,TRUE,TRUE,TRUE
"Dorey_data_17324264","USGS_DRO424994",NA,"USGS_DRO424994","USGS_data",TRUE,TRUE,TRUE,TRUE,TRUE,TRUE,TRUE,TRUE,TRUE,TRUE,TRUE,TRUE,TRUE,TRUE,TRUE,TRUE,TRUE,TRUE,TRUE,TRUE,TRUE,TRUE,TRUE,TRUE,TRUE,TRUE,TRUE,TRUE,TRUE
"ASP_data_3432",NA,"ASP_NA",NA,"ASP_Anthophila",TRUE,TRUE,TRUE,TRUE,TRUE,TRUE,TRUE,TRUE,TRUE,TRUE,TRUE,TRUE,TRUE,TRUE,TRUE,TRUE,TRUE,TRUE,TRUE,TRUE,TRUE,TRUE,TRUE,TRUE,TRUE,TRUE,TRUE,TRUE,TRUE
"Dorey_data_136329","cc2491bf-ce35-440e-bcf6-f47f790b0892","MT5-20070628-LasBic",NA,"ALA_Apiformes",TRUE,TRUE,TRUE,TRUE,TRUE,FALSE,TRUE,TRUE,FALSE,TRUE,TRUE,TRUE,TRUE,TRUE,TRUE,TRUE,TRUE,TRUE,TRUE,TRUE,TRUE,TRUE,TRUE,TRUE,TRUE,TRUE,TRUE,TRUE,TRUE
"Dorey_data_10063363",NA,"INHS Insect Collection 364064","1cc24a98-8394-4aee-a171-626dd3d0f4e6","iDigBio_halictidae",TRUE,TRUE,TRUE,TRUE,TRUE,TRUE,TRUE,TRUE,FALSE,TRUE,TRUE,TRUE,TRUE,TRUE,TRUE,TRUE,TRUE,TRUE,TRUE,TRUE,TRUE,TRUE,TRUE,FALSE,TRUE,TRUE,TRUE,FALSE,TRUE
"Dorey_data_11459410",NA,"CMNHENT0047602","urn:lsid:biosci.ohio-state.edu:osuc_occurrences:CMNHENT0047602","iDigBio_apidae",TRUE,TRUE,TRUE,TRUE,TRUE,TRUE,TRUE,TRUE,TRUE,TRUE,TRUE,TRUE,TRUE,TRUE,TRUE,TRUE,TRUE,TRUE,TRUE,TRUE,TRUE,TRUE,TRUE,NA,TRUE,TRUE,TRUE,TRUE,TRUE
"Dorey_data_12461201","30370354","1418337","8a659278-0d1b-4176-bef3-a15d0417b69c","SCAN_Apidae",TRUE,TRUE,TRUE,TRUE,TRUE,TRUE,TRUE,TRUE,FALSE,TRUE,TRUE,TRUE,TRUE,TRUE,TRUE,TRUE,TRUE,TRUE,TRUE,TRUE,TRUE,TRUE,TRUE,FALSE,TRUE,TRUE,TRUE,TRUE,TRUE
"Dorey_data_12735721","25628086","BBSL183394",NA,"SCAN_Apidae",TRUE,TRUE,TRUE,TRUE,TRUE,TRUE,TRUE,TRUE,TRUE,TRUE,TRUE,TRUE,TRUE,TRUE,TRUE,TRUE,TRUE,TRUE,TRUE,TRUE,TRUE,TRUE,TRUE,NA,TRUE,TRUE,TRUE,TRUE,TRUE
"Dorey_data_12898450","25751789","JPS3986",NA,"SCAN_Apidae",TRUE,TRUE,TRUE,TRUE,TRUE,TRUE,TRUE,TRUE,TRUE,TRUE,TRUE,TRUE,TRUE,TRUE,TRUE,TRUE,TRUE,TRUE,TRUE,TRUE,TRUE,TRUE,TRUE,NA,TRUE,TRUE,TRUE,TRUE,TRUE
"Dorey_data_13153831","50909276","12833230","https://www.inaturalist.org/observations/12833230","SCAN_Apidae",TRUE,TRUE,TRUE,TRUE,TRUE,TRUE,TRUE,TRUE,TRUE,TRUE,TRUE,TRUE,TRUE,TRUE,TRUE,TRUE,TRUE,TRUE,TRUE,TRUE,TRUE,TRUE,TRUE,TRUE,TRUE,TRUE,TRUE,TRUE,TRUE
"Dorey_data_13315042","55125566","56391250","https://www.inaturalist.org/observations/56391250","SCAN_Apidae",TRUE,TRUE,TRUE,TRUE,TRUE,TRUE,TRUE,TRUE,TRUE,TRUE,TRUE,TRUE,TRUE,TRUE,TRUE,TRUE,TRUE,TRUE,TRUE,TRUE,TRUE,TRUE,TRUE,TRUE,TRUE,TRUE,TRUE,TRUE,TRUE
"Paige_data_1066133","39138733","JPS 8878","JPS 8878","SCAN_Apidae",TRUE,TRUE,TRUE,TRUE,TRUE,TRUE,TRUE,TRUE,TRUE,TRUE,TRUE,TRUE,TRUE,TRUE,TRUE,TRUE,TRUE,TRUE,TRUE,TRUE,TRUE,TRUE,TRUE,NA,TRUE,TRUE,TRUE,TRUE,TRUE
"Dorey_data_13739888","57044000","AMNH_IZC 00164408","urn:uuid:b78826f4-c4e6-11e3-8259-0026552be7ea","SCAN_Apidae",TRUE,TRUE,TRUE,TRUE,TRUE,TRUE,TRUE,TRUE,TRUE,TRUE,TRUE,TRUE,TRUE,TRUE,TRUE,TRUE,TRUE,TRUE,TRUE,TRUE,TRUE,TRUE,TRUE,NA,TRUE,TRUE,TRUE,TRUE,TRUE
"Dorey_data_14094199","25449662","134738",NA,"SCAN_Andrenidae",TRUE,TRUE,TRUE,TRUE,TRUE,TRUE,TRUE,TRUE,TRUE,TRUE,TRUE,TRUE,TRUE,TRUE,TRUE,TRUE,TRUE,TRUE,TRUE,TRUE,TRUE,TRUE,TRUE,NA,TRUE,TRUE,TRUE,TRUE,TRUE
"Paige_data_2141375","39083970","UCRC ENT 195915","UCRC ENT 195915","SCAN_Andrenidae",TRUE,TRUE,TRUE,TRUE,TRUE,TRUE,TRUE,TRUE,TRUE,TRUE,TRUE,TRUE,TRUE,TRUE,TRUE,TRUE,TRUE,TRUE,TRUE,TRUE,TRUE,TRUE,TRUE,NA,TRUE,TRUE,TRUE,TRUE,TRUE
"Dorey_data_14518112","48022164","UMMZI-108277","633caed1-e662-4fda-8c96-67aa2834703b","SCAN_Colletidae",TRUE,TRUE,TRUE,TRUE,TRUE,TRUE,TRUE,TRUE,FALSE,TRUE,TRUE,TRUE,TRUE,TRUE,TRUE,TRUE,TRUE,TRUE,TRUE,TRUE,TRUE,TRUE,TRUE,NA,TRUE,TRUE,TRUE,FALSE,TRUE
"Dorey_data_14804924","25197896","BBSL534633",NA,"SCAN_Megachilidae",TRUE,TRUE,TRUE,TRUE,TRUE,TRUE,TRUE,TRUE,FALSE,TRUE,TRUE,FALSE,TRUE,TRUE,TRUE,TRUE,TRUE,TRUE,TRUE,TRUE,TRUE,TRUE,TRUE,NA,TRUE,TRUE,FALSE,TRUE,TRUE
"Paige_data_1946364","43852663","BeeAtlas2018-10535","50249438-ddb7-4906-9039-889acf7e37e1","SCAN_Megachilidae",TRUE,TRUE,TRUE,TRUE,TRUE,TRUE,TRUE,TRUE,TRUE,TRUE,TRUE,TRUE,TRUE,TRUE,TRUE,TRUE,TRUE,TRUE,TRUE,TRUE,TRUE,TRUE,TRUE,NA,TRUE,TRUE,TRUE,TRUE,TRUE
"Dorey_data_15344904","56880514","AMNH_BEE 00145393","urn:uuid:855d49ee-d8e1-11e2-99a2-0026552be7ea","SCAN_Halictidae",TRUE,TRUE,TRUE,TRUE,TRUE,TRUE,TRUE,TRUE,FALSE,TRUE,TRUE,TRUE,TRUE,TRUE,TRUE,TRUE,TRUE,TRUE,TRUE,TRUE,TRUE,TRUE,TRUE,NA,TRUE,TRUE,TRUE,FALSE,TRUE
"Dorey_data_15702129","38456110","USGS_DRO111667","USGS_DRO111667","SCAN_Halictidae",TRUE,TRUE,TRUE,TRUE,TRUE,TRUE,TRUE,TRUE,TRUE,TRUE,TRUE,TRUE,TRUE,TRUE,TRUE,TRUE,TRUE,TRUE,TRUE,TRUE,TRUE,TRUE,TRUE,TRUE,TRUE,TRUE,TRUE,TRUE,TRUE
"Dorey_data_15861793","23022834","USGS_DRO104590",NA,"SCAN_Halictidae",TRUE,TRUE,TRUE,TRUE,TRUE,TRUE,TRUE,TRUE,TRUE,TRUE,TRUE,TRUE,TRUE,TRUE,TRUE,TRUE,TRUE,TRUE,TRUE,TRUE,TRUE,TRUE,TRUE,TRUE,TRUE,TRUE,TRUE,TRUE,TRUE
"Dorey_data_16021008","25417487","BBSL320016",NA,"SCAN_Halictidae",TRUE,TRUE,TRUE,TRUE,TRUE,TRUE,TRUE,TRUE,FALSE,TRUE,TRUE,FALSE,TRUE,TRUE,TRUE,TRUE,TRUE,TRUE,TRUE,TRUE,TRUE,TRUE,TRUE,NA,TRUE,TRUE,FALSE,TRUE,TRUE
"Dorey_data_16213457","38429219","USGS_DRO061574","USGS_DRO061574","SCAN_Apidae",TRUE,TRUE,TRUE,TRUE,TRUE,TRUE,TRUE,TRUE,TRUE,TRUE,TRUE,TRUE,TRUE,TRUE,TRUE,TRUE,TRUE,TRUE,TRUE,TRUE,TRUE,TRUE,TRUE,TRUE,TRUE,TRUE,TRUE,TRUE,TRUE
"Dorey_data_16381341","25295037","BBSL489029",NA,"SCAN_Apidae",TRUE,TRUE,TRUE,TRUE,TRUE,TRUE,TRUE,TRUE,FALSE,TRUE,TRUE,FALSE,TRUE,TRUE,TRUE,TRUE,TRUE,TRUE,TRUE,TRUE,TRUE,TRUE,TRUE,NA,TRUE,TRUE,FALSE,TRUE,TRUE
"Dorey_data_16549373","28635895","9564","urn:catalog:FC-UNAM:MZFC:9564:10044","SCAN_Apidae",TRUE,TRUE,TRUE,TRUE,TRUE,TRUE,TRUE,TRUE,TRUE,TRUE,TRUE,TRUE,TRUE,TRUE,TRUE,TRUE,TRUE,TRUE,TRUE,TRUE,TRUE,TRUE,TRUE,NA,TRUE,TRUE,TRUE,TRUE,TRUE
"Dorey_data_16765768","60221115","202C-028","BRA:USP-RP:RPSP:202C-028","SCAN_Apidae",TRUE,TRUE,TRUE,TRUE,TRUE,TRUE,TRUE,TRUE,TRUE,TRUE,TRUE,TRUE,TRUE,TRUE,TRUE,TRUE,TRUE,TRUE,TRUE,TRUE,TRUE,TRUE,TRUE,NA,TRUE,TRUE,TRUE,TRUE,TRUE
"Dorey_data_325158",NA,"24319375","urn:uuid:30b6ba9c-44b3-4187-a447-10369c574e2b","GBIF_Apidae",TRUE,TRUE,TRUE,TRUE,TRUE,TRUE,TRUE,TRUE,TRUE,TRUE,TRUE,TRUE,TRUE,TRUE,TRUE,TRUE,TRUE,TRUE,TRUE,TRUE,TRUE,TRUE,TRUE,TRUE,TRUE,TRUE,TRUE,TRUE,TRUE
"Dorey_data_514764",NA,"97208269419895452","ie.nbdc.dataset.BeesOfIreland.97208269419895452","GBIF_Apidae",TRUE,TRUE,TRUE,TRUE,TRUE,TRUE,TRUE,TRUE,TRUE,TRUE,TRUE,TRUE,TRUE,TRUE,TRUE,TRUE,TRUE,TRUE,TRUE,TRUE,TRUE,TRUE,TRUE,TRUE,TRUE,TRUE,TRUE,TRUE,TRUE
"Dorey_data_689855",NA,"RO-8460","BRA:USP-RP:RPSP:RO-8460","GBIF_Apidae",TRUE,TRUE,TRUE,TRUE,TRUE,TRUE,TRUE,TRUE,FALSE,TRUE,TRUE,TRUE,TRUE,TRUE,TRUE,TRUE,TRUE,TRUE,TRUE,TRUE,TRUE,TRUE,TRUE,NA,TRUE,TRUE,FALSE,TRUE,TRUE
"Dorey_data_865621",NA,"86228133","urn:lsid:artportalen.se:sighting:86228133","GBIF_Apidae",TRUE,TRUE,TRUE,TRUE,TRUE,TRUE,TRUE,TRUE,TRUE,TRUE,TRUE,TRUE,TRUE,TRUE,TRUE,TRUE,TRUE,TRUE,TRUE,TRUE,TRUE,TRUE,TRUE,TRUE,TRUE,TRUE,TRUE,TRUE,TRUE
"Dorey_data_1116841",NA,"127042",NA,"GBIF_Apidae",TRUE,TRUE,TRUE,TRUE,TRUE,TRUE,TRUE,TRUE,FALSE,TRUE,TRUE,TRUE,TRUE,TRUE,TRUE,TRUE,TRUE,TRUE,TRUE,TRUE,TRUE,TRUE,TRUE,FALSE,TRUE,TRUE,TRUE,FALSE,TRUE
"Dorey_data_1407938",NA,"http://tun.fi/JX.873700","http://tun.fi/JX.873700#3","GBIF_Apidae",TRUE,TRUE,TRUE,TRUE,TRUE,TRUE,TRUE,TRUE,TRUE,TRUE,TRUE,TRUE,TRUE,TRUE,TRUE,TRUE,TRUE,TRUE,TRUE,TRUE,TRUE,TRUE,TRUE,TRUE,TRUE,TRUE,TRUE,TRUE,TRUE
"Dorey_data_1716118",NA,NA,"61948","GBIF_Apidae",TRUE,TRUE,TRUE,TRUE,TRUE,TRUE,TRUE,TRUE,TRUE,TRUE,TRUE,TRUE,TRUE,TRUE,TRUE,TRUE,TRUE,TRUE,TRUE,TRUE,TRUE,TRUE,TRUE,TRUE,TRUE,TRUE,TRUE,TRUE,TRUE
"Dorey_data_1892817",NA,"OBS.211019221","https://observation.org/observation/211019221","GBIF_Apidae",TRUE,TRUE,TRUE,TRUE,FALSE,TRUE,TRUE,TRUE,FALSE,TRUE,TRUE,FALSE,TRUE,TRUE,TRUE,TRUE,TRUE,TRUE,TRUE,TRUE,TRUE,TRUE,TRUE,FALSE,TRUE,TRUE,TRUE,TRUE,TRUE
"Dorey_data_2136016",NA,NA,"81ddc81d-f44b-40a4-a865-16a0bea504b3","GBIF_Apidae",TRUE,TRUE,TRUE,TRUE,TRUE,FALSE,TRUE,TRUE,FALSE,TRUE,TRUE,TRUE,TRUE,TRUE,TRUE,TRUE,TRUE,TRUE,TRUE,TRUE,TRUE,TRUE,TRUE,TRUE,TRUE,TRUE,TRUE,TRUE,TRUE
"Dorey_data_2394432",NA,NA,"7d403643-6d01-4431-b3ee-37067b643846","GBIF_Apidae",TRUE,TRUE,TRUE,TRUE,TRUE,FALSE,TRUE,TRUE,FALSE,TRUE,TRUE,TRUE,TRUE,TRUE,TRUE,TRUE,TRUE,TRUE,TRUE,TRUE,TRUE,TRUE,TRUE,TRUE,TRUE,TRUE,TRUE,TRUE,TRUE
"Dorey_data_2574690",NA,"-273174827",NA,"GBIF_Apidae",TRUE,TRUE,TRUE,TRUE,TRUE,TRUE,TRUE,TRUE,TRUE,TRUE,TRUE,TRUE,TRUE,TRUE,TRUE,TRUE,TRUE,TRUE,TRUE,TRUE,TRUE,TRUE,TRUE,TRUE,TRUE,TRUE,TRUE,TRUE,TRUE
"Dorey_data_2837458",NA,"TUZ240274","57179","GBIF_Apidae",TRUE,TRUE,TRUE,TRUE,TRUE,TRUE,TRUE,TRUE,FALSE,TRUE,TRUE,TRUE,TRUE,TRUE,TRUE,TRUE,TRUE,TRUE,TRUE,TRUE,TRUE,TRUE,TRUE,FALSE,TRUE,TRUE,TRUE,TRUE,TRUE
"Dorey_data_3047859",NA,"OBS.200307710","https://observation.org/observation/200307710","GBIF_Apidae",TRUE,TRUE,TRUE,TRUE,FALSE,TRUE,TRUE,TRUE,FALSE,TRUE,TRUE,FALSE,TRUE,TRUE,TRUE,TRUE,TRUE,TRUE,TRUE,TRUE,TRUE,TRUE,TRUE,FALSE,TRUE,TRUE,TRUE,TRUE,TRUE
"Dorey_data_3226809",NA,NA,"18619224","GBIF_Apidae",TRUE,TRUE,TRUE,TRUE,TRUE,TRUE,TRUE,TRUE,FALSE,TRUE,TRUE,TRUE,TRUE,TRUE,TRUE,TRUE,TRUE,TRUE,TRUE,TRUE,TRUE,TRUE,TRUE,FALSE,TRUE,TRUE,TRUE,TRUE,TRUE
"Dorey_data_3383514",NA,"CSCF-API-291902","CSCF-API-291902","GBIF_Apidae",TRUE,TRUE,TRUE,TRUE,TRUE,TRUE,TRUE,TRUE,FALSE,TRUE,TRUE,TRUE,TRUE,TRUE,TRUE,TRUE,TRUE,TRUE,TRUE,TRUE,TRUE,TRUE,TRUE,FALSE,TRUE,TRUE,TRUE,TRUE,TRUE
"Dorey_data_3542710",NA,NA,"BDFGM_2548307","GBIF_Apidae",TRUE,TRUE,TRUE,TRUE,TRUE,TRUE,TRUE,TRUE,FALSE,TRUE,TRUE,TRUE,TRUE,TRUE,TRUE,TRUE,TRUE,TRUE,TRUE,TRUE,TRUE,TRUE,TRUE,FALSE,TRUE,TRUE,TRUE,TRUE,TRUE
"Dorey_data_3771559",NA,NA,"7400d25d-3173-42b5-b637-74dafe13a434","GBIF_Apidae",TRUE,TRUE,TRUE,TRUE,TRUE,FALSE,TRUE,TRUE,FALSE,TRUE,TRUE,TRUE,TRUE,TRUE,TRUE,TRUE,TRUE,TRUE,TRUE,TRUE,TRUE,TRUE,TRUE,TRUE,TRUE,TRUE,TRUE,TRUE,TRUE
"Dorey_data_3952491",NA,"125155790","https://www.inaturalist.org/observations/125155790","GBIF_Apidae",TRUE,TRUE,TRUE,TRUE,TRUE,TRUE,TRUE,TRUE,TRUE,TRUE,TRUE,TRUE,TRUE,TRUE,TRUE,TRUE,TRUE,TRUE,TRUE,TRUE,TRUE,TRUE,TRUE,TRUE,TRUE,TRUE,TRUE,TRUE,TRUE
"Dorey_data_4149318",NA,NA,"abb6c941-8933-4149-91fa-138e456be17c","GBIF_Apidae",TRUE,TRUE,TRUE,TRUE,TRUE,TRUE,TRUE,TRUE,FALSE,TRUE,TRUE,TRUE,TRUE,TRUE,TRUE,TRUE,TRUE,TRUE,TRUE,TRUE,TRUE,TRUE,TRUE,FALSE,TRUE,TRUE,FALSE,TRUE,TRUE
"Dorey_data_4366920",NA,NA,"9e105217-8eda-4760-91d2-efa77b94f0b1","GBIF_Apidae",TRUE,TRUE,TRUE,TRUE,TRUE,FALSE,TRUE,TRUE,FALSE,TRUE,TRUE,TRUE,TRUE,TRUE,TRUE,TRUE,TRUE,TRUE,TRUE,TRUE,TRUE,TRUE,TRUE,TRUE,TRUE,TRUE,TRUE,TRUE,TRUE
"Dorey_data_4842533",NA,"128308505","https://www.inaturalist.org/observations/128308505","GBIF_Apidae",TRUE,TRUE,TRUE,TRUE,TRUE,TRUE,TRUE,TRUE,FALSE,TRUE,TRUE,TRUE,TRUE,TRUE,TRUE,TRUE,TRUE,TRUE,TRUE,TRUE,TRUE,TRUE,TRUE,FALSE,TRUE,TRUE,TRUE,TRUE,TRUE
"Dorey_data_9505674",NA,"BBSL695152","658611920","iDigBio_halictidae",TRUE,FALSE,TRUE,TRUE,TRUE,TRUE,TRUE,TRUE,FALSE,TRUE,TRUE,FALSE,NA,NA,NA,NA,NA,NA,NA,TRUE,TRUE,TRUE,TRUE,NA,NA,TRUE,TRUE,TRUE,TRUE
"Dorey_data_10009680",NA,"107894","658611954","iDigBio_halictidae",TRUE,FALSE,TRUE,TRUE,TRUE,TRUE,TRUE,TRUE,FALSE,TRUE,TRUE,FALSE,NA,NA,NA,NA,NA,NA,NA,TRUE,TRUE,TRUE,TRUE,NA,NA,TRUE,TRUE,FALSE,TRUE
"Dorey_data_11115829",NA,"104929","658711904","iDigBio_apidae",TRUE,FALSE,TRUE,TRUE,TRUE,TRUE,TRUE,TRUE,FALSE,TRUE,TRUE,FALSE,NA,NA,NA,NA,NA,NA,NA,TRUE,TRUE,TRUE,TRUE,NA,NA,TRUE,TRUE,TRUE,TRUE
"Dorey_data_11447599",NA,"BBSL688981","658712111","iDigBio_apidae",TRUE,FALSE,TRUE,TRUE,TRUE,TRUE,TRUE,TRUE,FALSE,TRUE,TRUE,FALSE,NA,NA,NA,NA,NA,NA,NA,TRUE,TRUE,TRUE,TRUE,NA,NA,TRUE,TRUE,TRUE,TRUE
"Dorey_data_11650545",NA,"BBSL605973","658712621","iDigBio_apidae",TRUE,FALSE,TRUE,TRUE,TRUE,TRUE,TRUE,TRUE,FALSE,TRUE,TRUE,FALSE,NA,NA,NA,NA,NA,NA,NA,TRUE,TRUE,TRUE,TRUE,NA,NA,TRUE,TRUE,TRUE,TRUE
"Dorey_data_11920255",NA,"BBSL349351","658712453","iDigBio_apidae",TRUE,FALSE,TRUE,TRUE,TRUE,TRUE,TRUE,TRUE,FALSE,TRUE,TRUE,FALSE,NA,NA,NA,NA,NA,NA,NA,TRUE,TRUE,TRUE,TRUE,NA,NA,TRUE,TRUE,TRUE,TRUE
"Dorey_data_12076663",NA,"BBSL294609","658712051","iDigBio_apidae",TRUE,FALSE,TRUE,TRUE,TRUE,TRUE,TRUE,TRUE,FALSE,TRUE,TRUE,FALSE,NA,NA,NA,NA,NA,NA,NA,TRUE,TRUE,TRUE,TRUE,NA,NA,TRUE,TRUE,TRUE,TRUE
"Dorey_data_12122943",NA,"104936","658711863","iDigBio_apidae",TRUE,FALSE,TRUE,TRUE,TRUE,TRUE,TRUE,TRUE,FALSE,TRUE,TRUE,FALSE,NA,NA,NA,NA,NA,NA,NA,TRUE,TRUE,TRUE,TRUE,NA,NA,TRUE,TRUE,TRUE,TRUE
"Dorey_data_12164404",NA,"BBSL211008","658712236","iDigBio_apidae",TRUE,FALSE,TRUE,TRUE,TRUE,TRUE,TRUE,TRUE,FALSE,TRUE,TRUE,FALSE,NA,NA,NA,NA,NA,NA,NA,TRUE,TRUE,TRUE,TRUE,NA,NA,TRUE,TRUE,TRUE,TRUE
"Dorey_data_12214902",NA,"103351","658712282","iDigBio_apidae",TRUE,FALSE,TRUE,TRUE,TRUE,TRUE,TRUE,TRUE,FALSE,TRUE,TRUE,FALSE,NA,NA,NA,NA,NA,NA,NA,TRUE,TRUE,TRUE,TRUE,NA,NA,TRUE,TRUE,TRUE,TRUE
"Paige_data_1134873",NA,"AMNH_BEE 00036920","83a95926-d8e1-11e2-99a2-0026552be7ea","GBIF_Apidae",TRUE,TRUE,TRUE,TRUE,TRUE,TRUE,TRUE,TRUE,FALSE,TRUE,TRUE,TRUE,TRUE,TRUE,TRUE,TRUE,TRUE,TRUE,TRUE,TRUE,FALSE,FALSE,FALSE,NA,TRUE,TRUE,TRUE,TRUE,TRUE
"Paige_data_2097724",NA,"AMNH_BEE 00141140","854ea7ae-d8e1-11e2-99a2-0026552be7ea","GBIF_Andrenidae",TRUE,TRUE,TRUE,TRUE,TRUE,TRUE,TRUE,TRUE,FALSE,TRUE,TRUE,TRUE,TRUE,TRUE,TRUE,TRUE,TRUE,TRUE,TRUE,TRUE,FALSE,FALSE,FALSE,NA,TRUE,TRUE,TRUE,FALSE,TRUE
"Paige_data_15900",NA,"AMNH_BEE 00178164","85c79006-d8e1-11e2-99a2-0026552be7ea","GBIF_Halictidae",TRUE,TRUE,TRUE,TRUE,TRUE,TRUE,TRUE,TRUE,FALSE,TRUE,TRUE,TRUE,TRUE,TRUE,TRUE,TRUE,TRUE,TRUE,TRUE,TRUE,FALSE,FALSE,FALSE,NA,TRUE,TRUE,TRUE,TRUE,TRUE
"Paige_data_2098337",NA,"AMNH_BEE 00266809","b4d2be30-40e1-11e3-935e-0026552be7ea","GBIF_Andrenidae",TRUE,TRUE,TRUE,TRUE,TRUE,TRUE,TRUE,TRUE,FALSE,TRUE,TRUE,TRUE,TRUE,TRUE,TRUE,TRUE,TRUE,TRUE,TRUE,TRUE,FALSE,FALSE,FALSE,NA,TRUE,TRUE,TRUE,TRUE,TRUE
"Dorey_data_9649119",NA,"438600","380048a0-1ed6-11e3-bfac-90b11c41863e","iDigBio_halictidae",TRUE,FALSE,TRUE,TRUE,TRUE,TRUE,TRUE,TRUE,FALSE,TRUE,TRUE,FALSE,NA,NA,NA,NA,NA,NA,NA,TRUE,FALSE,FALSE,FALSE,NA,NA,TRUE,TRUE,TRUE,TRUE
"Dorey_data_13918494","15589719","224412","255ff44d-1ed6-11e3-bfac-90b11c41863e","SCAN_Andrenidae",TRUE,FALSE,TRUE,TRUE,TRUE,TRUE,TRUE,TRUE,FALSE,TRUE,TRUE,FALSE,NA,NA,NA,NA,NA,NA,NA,TRUE,TRUE,TRUE,TRUE,NA,NA,TRUE,TRUE,TRUE,TRUE
"Dorey_data_10234915",NA,NA,"59097334-99c6-4219-a9c1-88bba8d86860","iDigBio_andrenidae",TRUE,FALSE,TRUE,TRUE,TRUE,TRUE,TRUE,TRUE,FALSE,TRUE,TRUE,FALSE,NA,NA,NA,NA,NA,NA,NA,TRUE,TRUE,TRUE,TRUE,NA,NA,TRUE,TRUE,TRUE,TRUE
"Dorey_data_13859632","57129626","HYM 103450","7a66e20b-9670-456e-913d-e1f766831ddd","SCAN_Apidae",TRUE,FALSE,TRUE,TRUE,TRUE,TRUE,TRUE,TRUE,FALSE,TRUE,TRUE,FALSE,NA,NA,NA,NA,NA,NA,NA,TRUE,TRUE,TRUE,TRUE,NA,NA,TRUE,TRUE,TRUE,TRUE
"Dorey_data_1520542",NA,"BBSL688968","658711770","GBIF_Apidae",TRUE,FALSE,TRUE,TRUE,TRUE,TRUE,TRUE,TRUE,FALSE,TRUE,TRUE,FALSE,NA,NA,NA,NA,NA,NA,NA,TRUE,TRUE,TRUE,TRUE,NA,NA,TRUE,TRUE,TRUE,TRUE
"Dorey_data_13778839","49409934","AMNH_BEE 00036907","83a9544e-d8e1-11e2-99a2-0026552be7ea","SCAN_Apidae",TRUE,FALSE,TRUE,TRUE,TRUE,TRUE,TRUE,TRUE,FALSE,TRUE,TRUE,FALSE,NA,NA,NA,NA,NA,NA,NA,TRUE,TRUE,TRUE,TRUE,NA,NA,TRUE,TRUE,TRUE,TRUE
"Dorey_data_13837377","49669596","AMNH_BEE 00212001","869d6cee-d8e1-11e2-99a2-0026552be7ea","SCAN_Apidae",TRUE,FALSE,TRUE,TRUE,TRUE,TRUE,TRUE,TRUE,FALSE,TRUE,TRUE,FALSE,NA,NA,NA,NA,NA,NA,NA,TRUE,TRUE,TRUE,TRUE,NA,NA,TRUE,TRUE,TRUE,TRUE
"Dorey_data_14399271","49560847","AMNH_BEE 00257623","88f94af8-d8e1-11e2-99a2-0026552be7ea","SCAN_Andrenidae",TRUE,FALSE,TRUE,TRUE,TRUE,TRUE,TRUE,TRUE,FALSE,TRUE,TRUE,FALSE,NA,NA,NA,NA,NA,NA,NA,TRUE,TRUE,TRUE,TRUE,NA,NA,TRUE,TRUE,FALSE,TRUE
"Dorey_data_15431713","49577103","AMNH_BEE 00038609","83b3d734-d8e1-11e2-99a2-0026552be7ea","SCAN_Halictidae",TRUE,FALSE,TRUE,TRUE,TRUE,TRUE,TRUE,TRUE,FALSE,TRUE,TRUE,FALSE,NA,NA,NA,NA,NA,NA,NA,TRUE,TRUE,TRUE,TRUE,NA,NA,TRUE,TRUE,TRUE,TRUE
"Paige_data_1134719",NA,"YPM ENT 704587","urn:uuid:51a7ccc7-b39c-4c5d-baf0-314d2008bcf0","GBIF_Apidae",TRUE,TRUE,TRUE,TRUE,TRUE,TRUE,TRUE,TRUE,FALSE,TRUE,TRUE,TRUE,TRUE,TRUE,TRUE,TRUE,TRUE,TRUE,TRUE,TRUE,TRUE,TRUE,TRUE,FALSE,TRUE,TRUE,TRUE,FALSE,TRUE
"Paige_data_1134834",NA,"103411","658711789","GBIF_Apidae",TRUE,TRUE,TRUE,TRUE,TRUE,TRUE,TRUE,TRUE,TRUE,TRUE,TRUE,TRUE,TRUE,TRUE,TRUE,TRUE,TRUE,TRUE,TRUE,TRUE,TRUE,TRUE,TRUE,NA,TRUE,TRUE,TRUE,TRUE,TRUE
"Paige_data_1135854",NA,"103385","658712413","GBIF_Apidae",TRUE,TRUE,TRUE,TRUE,TRUE,TRUE,TRUE,TRUE,TRUE,TRUE,TRUE,TRUE,TRUE,TRUE,TRUE,TRUE,TRUE,TRUE,TRUE,TRUE,TRUE,TRUE,TRUE,NA,TRUE,TRUE,TRUE,TRUE,TRUE
"Paige_data_1135520",NA,"BBSL297745","658711674","GBIF_Apidae",TRUE,TRUE,TRUE,TRUE,TRUE,TRUE,TRUE,TRUE,FALSE,TRUE,TRUE,TRUE,TRUE,TRUE,TRUE,TRUE,TRUE,TRUE,TRUE,TRUE,TRUE,TRUE,TRUE,NA,TRUE,TRUE,FALSE,TRUE,TRUE
"Paige_data_1135470",NA,"BBSL605952","658712163","GBIF_Apidae",TRUE,TRUE,TRUE,TRUE,TRUE,TRUE,TRUE,TRUE,TRUE,TRUE,TRUE,TRUE,TRUE,TRUE,TRUE,TRUE,TRUE,TRUE,TRUE,TRUE,TRUE,TRUE,TRUE,NA,TRUE,TRUE,TRUE,TRUE,TRUE
"Paige_data_1135028",NA,"103347","658712221","GBIF_Apidae",TRUE,TRUE,TRUE,TRUE,TRUE,TRUE,TRUE,TRUE,TRUE,TRUE,TRUE,TRUE,TRUE,TRUE,TRUE,TRUE,TRUE,TRUE,TRUE,TRUE,TRUE,TRUE,TRUE,NA,TRUE,TRUE,TRUE,TRUE,TRUE
"Paige_data_1135659",NA,"BBSL531254","658712527","GBIF_Apidae",TRUE,TRUE,TRUE,TRUE,TRUE,TRUE,TRUE,TRUE,FALSE,TRUE,TRUE,TRUE,TRUE,TRUE,TRUE,TRUE,TRUE,TRUE,TRUE,TRUE,TRUE,TRUE,TRUE,NA,TRUE,TRUE,FALSE,TRUE,TRUE
"Paige_data_1135034",NA,"17626","urn:catalog:FC-UNAM:MZFC:17626:74e7cf6b8bfd74cadf7cbc54ae7094cb","GBIF_Apidae",TRUE,TRUE,TRUE,TRUE,TRUE,TRUE,TRUE,TRUE,TRUE,TRUE,TRUE,TRUE,TRUE,TRUE,TRUE,TRUE,TRUE,TRUE,TRUE,TRUE,TRUE,TRUE,TRUE,TRUE,TRUE,TRUE,TRUE,TRUE,TRUE
"Paige_data_1135280",NA,"ASUHIC0084160","b1fd76e6-d208-43cc-9bec-d532e3fcd1f5","GBIF_Apidae",TRUE,TRUE,TRUE,TRUE,TRUE,TRUE,TRUE,TRUE,FALSE,TRUE,TRUE,TRUE,TRUE,TRUE,TRUE,TRUE,TRUE,TRUE,TRUE,TRUE,TRUE,TRUE,TRUE,FALSE,TRUE,TRUE,TRUE,TRUE,TRUE
"Paige_data_1135681",NA,"ASUHIC0084108","65ca4248-4170-42b2-9e8c-0d9851a53888","GBIF_Apidae",TRUE,TRUE,TRUE,TRUE,TRUE,TRUE,TRUE,TRUE,FALSE,TRUE,TRUE,TRUE,TRUE,TRUE,TRUE,TRUE,TRUE,TRUE,TRUE,TRUE,TRUE,TRUE,TRUE,FALSE,TRUE,TRUE,TRUE,TRUE,TRUE
"Paige_data_1135592",NA,"559430","3a169891-1ed6-11e3-bfac-90b11c41863e","GBIF_Apidae",TRUE,TRUE,TRUE,TRUE,TRUE,TRUE,TRUE,TRUE,FALSE,TRUE,TRUE,TRUE,TRUE,TRUE,TRUE,TRUE,TRUE,TRUE,TRUE,TRUE,FALSE,FALSE,FALSE,NA,TRUE,TRUE,FALSE,TRUE,TRUE
"Paige_data_16196",NA,"UANL-APO-628","urn:catalog:FCB-UANL:UANL:UANL-APO-628:2efa8bfe59dcdd82404e0d2e99ea5f79","GBIF_Halictidae",TRUE,TRUE,TRUE,TRUE,TRUE,TRUE,TRUE,TRUE,TRUE,TRUE,TRUE,TRUE,TRUE,TRUE,TRUE,TRUE,TRUE,TRUE,TRUE,TRUE,TRUE,TRUE,TRUE,NA,TRUE,TRUE,TRUE,TRUE,TRUE
"Paige_data_16175",NA,"SBV075069","43ee6152-6ab6-4ad6-bd1f-d59b772ee1d3","GBIF_Halictidae",TRUE,TRUE,TRUE,TRUE,TRUE,TRUE,TRUE,TRUE,TRUE,TRUE,TRUE,TRUE,TRUE,TRUE,TRUE,TRUE,TRUE,TRUE,TRUE,TRUE,TRUE,TRUE,TRUE,NA,TRUE,TRUE,TRUE,TRUE,TRUE
"Paige_data_15542",NA,"CAVE27626","767166196","GBIF_Halictidae",TRUE,TRUE,TRUE,TRUE,TRUE,TRUE,TRUE,TRUE,FALSE,TRUE,TRUE,TRUE,TRUE,TRUE,TRUE,TRUE,TRUE,TRUE,TRUE,TRUE,TRUE,TRUE,TRUE,NA,TRUE,TRUE,FALSE,TRUE,TRUE
"Paige_data_15754",NA,"EMEC516351","urn:catalog:EMEC:EMEC:516351","GBIF_Halictidae",TRUE,TRUE,TRUE,TRUE,TRUE,TRUE,TRUE,TRUE,FALSE,TRUE,TRUE,TRUE,TRUE,TRUE,TRUE,TRUE,TRUE,TRUE,TRUE,TRUE,TRUE,TRUE,TRUE,FALSE,TRUE,TRUE,TRUE,TRUE,TRUE
"Paige_data_15747",NA,"1065797","4665f277-1ed6-11e3-bfac-90b11c41863e","GBIF_Halictidae",TRUE,TRUE,TRUE,TRUE,TRUE,TRUE,TRUE,TRUE,FALSE,TRUE,TRUE,TRUE,TRUE,TRUE,TRUE,TRUE,TRUE,TRUE,TRUE,TRUE,FALSE,FALSE,FALSE,NA,TRUE,TRUE,TRUE,TRUE,TRUE
"Paige_data_2097576",NA,"153338","767226635","GBIF_Andrenidae",TRUE,TRUE,TRUE,TRUE,TRUE,TRUE,TRUE,TRUE,TRUE,TRUE,TRUE,TRUE,TRUE,TRUE,TRUE,TRUE,TRUE,TRUE,TRUE,TRUE,TRUE,TRUE,TRUE,NA,TRUE,TRUE,TRUE,TRUE,TRUE
"Paige_data_2098083",NA,"224486","36f915c9-1ed6-11e3-bfac-90b11c41863e","GBIF_Andrenidae",TRUE,TRUE,TRUE,TRUE,TRUE,TRUE,TRUE,TRUE,FALSE,TRUE,TRUE,TRUE,TRUE,TRUE,TRUE,TRUE,TRUE,TRUE,TRUE,TRUE,FALSE,FALSE,FALSE,NA,TRUE,TRUE,TRUE,TRUE,TRUE
"Paige_data_2097981",NA,"Knerer-441",NA,"GBIF_Andrenidae",TRUE,TRUE,TRUE,TRUE,TRUE,TRUE,TRUE,TRUE,FALSE,TRUE,TRUE,TRUE,TRUE,TRUE,TRUE,TRUE,TRUE,TRUE,TRUE,TRUE,TRUE,TRUE,TRUE,NA,TRUE,TRUE,FALSE,TRUE,TRUE
"Paige_data_2097798",NA,"UMMZI-99233","06d5e417-1941-445f-9595-96e60037d422","GBIF_Andrenidae",TRUE,TRUE,TRUE,TRUE,TRUE,TRUE,TRUE,TRUE,TRUE,TRUE,TRUE,TRUE,TRUE,TRUE,TRUE,TRUE,TRUE,TRUE,TRUE,TRUE,TRUE,TRUE,TRUE,NA,TRUE,TRUE,TRUE,TRUE,TRUE
"Paige_data_2098138",NA,"SamplingEventNumber:USGS_DRO4542 | SpecimenNumber:USGS_DRO065266","USGS_DRO065266","GBIF_Andrenidae",TRUE,TRUE,TRUE,TRUE,TRUE,TRUE,TRUE,TRUE,FALSE,TRUE,TRUE,TRUE,TRUE,TRUE,TRUE,TRUE,TRUE,TRUE,TRUE,TRUE,TRUE,TRUE,TRUE,FALSE,TRUE,TRUE,TRUE,TRUE,TRUE
"Dorey_data_9557611",NA,"AMNH_BEE 00038588","urn:uuid:83b3be66-d8e1-11e2-99a2-0026552be7ea","iDigBio_halictidae",TRUE,TRUE,TRUE,TRUE,TRUE,TRUE,TRUE,TRUE,FALSE,TRUE,TRUE,TRUE,TRUE,TRUE,TRUE,TRUE,TRUE,TRUE,TRUE,TRUE,FALSE,FALSE,FALSE,NA,TRUE,TRUE,TRUE,TRUE,TRUE
"Dorey_data_9871491",NA,"AMNH_BEE 00178198","urn:uuid:85c7bc02-d8e1-11e2-99a2-0026552be7ea","iDigBio_halictidae",TRUE,TRUE,TRUE,TRUE,TRUE,TRUE,TRUE,TRUE,FALSE,TRUE,TRUE,TRUE,TRUE,TRUE,TRUE,TRUE,TRUE,TRUE,TRUE,TRUE,FALSE,FALSE,FALSE,NA,TRUE,TRUE,TRUE,TRUE,TRUE
"Dorey_data_10138628",NA,"224499","1b30d2cc-1ed6-11e3-bfac-90b11c41863e","iDigBio_andrenidae",TRUE,TRUE,TRUE,TRUE,TRUE,TRUE,TRUE,TRUE,FALSE,TRUE,TRUE,TRUE,TRUE,TRUE,TRUE,TRUE,TRUE,TRUE,TRUE,TRUE,FALSE,FALSE,FALSE,NA,TRUE,TRUE,TRUE,TRUE,TRUE
"Paige_data_2098308",NA,"CUIC_ENT 00030745","urn:uuid:8810ae9c-d8e1-11e2-99a2-0026552be7ea","iDigBio_andrenidae",TRUE,TRUE,TRUE,TRUE,TRUE,TRUE,TRUE,TRUE,FALSE,TRUE,TRUE,TRUE,TRUE,TRUE,TRUE,TRUE,TRUE,TRUE,TRUE,TRUE,FALSE,FALSE,FALSE,NA,TRUE,TRUE,TRUE,TRUE,TRUE
"Dorey_data_10197730",NA,"AMNH_BEE 00266788","urn:uuid:1075c81a-40e0-11e3-935e-0026552be7ea","iDigBio_andrenidae",TRUE,TRUE,TRUE,TRUE,TRUE,TRUE,TRUE,TRUE,FALSE,TRUE,TRUE,TRUE,TRUE,TRUE,TRUE,TRUE,TRUE,TRUE,TRUE,TRUE,FALSE,FALSE,FALSE,NA,TRUE,TRUE,TRUE,TRUE,TRUE
"Paige_data_2098478",NA,"CUIC_ENT 00030160","urn:uuid:87e2d990-d8e1-11e2-99a2-0026552be7ea","iDigBio_andrenidae",TRUE,TRUE,TRUE,TRUE,TRUE,TRUE,TRUE,TRUE,FALSE,TRUE,TRUE,TRUE,TRUE,TRUE,TRUE,TRUE,TRUE,TRUE,TRUE,TRUE,FALSE,FALSE,FALSE,NA,TRUE,TRUE,TRUE,FALSE,TRUE
"Paige_data_2097296",NA,"UCMS_ENT 00063694","urn:uuid:5ed9149e-260a-11e3-935e-0026552be7ea","iDigBio_andrenidae",TRUE,TRUE,TRUE,TRUE,TRUE,TRUE,TRUE,TRUE,FALSE,TRUE,TRUE,TRUE,TRUE,TRUE,TRUE,TRUE,TRUE,TRUE,TRUE,TRUE,FALSE,FALSE,FALSE,NA,NA,FALSE,TRUE,TRUE,TRUE
"Dorey_data_11021380",NA,"559517","35a5c09e-1ed6-11e3-bfac-90b11c41863e","iDigBio_apidae",TRUE,TRUE,TRUE,TRUE,TRUE,TRUE,TRUE,TRUE,FALSE,TRUE,TRUE,TRUE,TRUE,TRUE,TRUE,TRUE,TRUE,TRUE,TRUE,TRUE,FALSE,FALSE,FALSE,NA,TRUE,TRUE,FALSE,TRUE,TRUE
"Dorey_data_11224551",NA,"AMNH_BEE 00056414","urn:uuid:843238ae-d8e1-11e2-99a2-0026552be7ea","iDigBio_apidae",TRUE,TRUE,TRUE,TRUE,TRUE,TRUE,TRUE,TRUE,FALSE,TRUE,TRUE,TRUE,TRUE,TRUE,TRUE,TRUE,TRUE,TRUE,TRUE,TRUE,FALSE,FALSE,FALSE,NA,TRUE,TRUE,TRUE,TRUE,TRUE
"Dorey_data_11496450",NA,"559431","18bbc7f8-1ed6-11e3-bfac-90b11c41863e","iDigBio_apidae",TRUE,TRUE,TRUE,TRUE,TRUE,TRUE,TRUE,TRUE,FALSE,TRUE,TRUE,TRUE,TRUE,TRUE,TRUE,TRUE,TRUE,TRUE,TRUE,TRUE,FALSE,FALSE,FALSE,NA,TRUE,TRUE,FALSE,TRUE,TRUE
"Dorey_data_12320595","15399931","559535","19508061-1ed6-11e3-bfac-90b11c41863e","SCAN_Apidae",TRUE,TRUE,TRUE,TRUE,TRUE,TRUE,TRUE,TRUE,TRUE,TRUE,TRUE,TRUE,TRUE,TRUE,TRUE,TRUE,TRUE,TRUE,TRUE,TRUE,TRUE,TRUE,TRUE,NA,TRUE,TRUE,TRUE,TRUE,TRUE
"Dorey_data_12387492","15975728","559401","3c33260b-1ed6-11e3-bfac-90b11c41863e","SCAN_Apidae",TRUE,TRUE,TRUE,TRUE,TRUE,TRUE,TRUE,TRUE,TRUE,TRUE,TRUE,TRUE,TRUE,TRUE,TRUE,TRUE,TRUE,TRUE,TRUE,TRUE,TRUE,TRUE,TRUE,NA,TRUE,TRUE,TRUE,TRUE,TRUE
"Dorey_data_13926917","15886913","224495","36761b9e-1ed6-11e3-bfac-90b11c41863e","SCAN_Andrenidae",TRUE,TRUE,TRUE,TRUE,TRUE,TRUE,TRUE,TRUE,TRUE,TRUE,TRUE,TRUE,TRUE,TRUE,TRUE,TRUE,TRUE,TRUE,TRUE,TRUE,TRUE,TRUE,TRUE,NA,TRUE,TRUE,TRUE,TRUE,TRUE
"Dorey_data_14284627","56757553","UCMS_ENT 00026972","urn:uuid:83cada60-d8e1-11e2-99a2-0026552be7ea","SCAN_Andrenidae",TRUE,TRUE,TRUE,TRUE,TRUE,TRUE,TRUE,TRUE,TRUE,TRUE,TRUE,TRUE,TRUE,TRUE,TRUE,TRUE,TRUE,TRUE,TRUE,TRUE,TRUE,TRUE,TRUE,NA,TRUE,TRUE,TRUE,TRUE,TRUE
"Dorey_data_14335571","57004937","CUIC_ENT 00030001","urn:uuid:87e1c528-d8e1-11e2-99a2-0026552be7ea","SCAN_Andrenidae",TRUE,TRUE,TRUE,TRUE,TRUE,TRUE,TRUE,TRUE,TRUE,TRUE,TRUE,TRUE,TRUE,TRUE,TRUE,TRUE,TRUE,TRUE,TRUE,TRUE,TRUE,TRUE,TRUE,NA,TRUE,TRUE,TRUE,TRUE,TRUE
"Dorey_data_14336865","57009353","CUIC_ENT 00030619","urn:uuid:880564f6-d8e1-11e2-99a2-0026552be7ea","SCAN_Andrenidae",TRUE,TRUE,TRUE,TRUE,TRUE,TRUE,TRUE,TRUE,TRUE,TRUE,TRUE,TRUE,TRUE,TRUE,TRUE,TRUE,TRUE,TRUE,TRUE,TRUE,TRUE,TRUE,TRUE,NA,TRUE,TRUE,TRUE,TRUE,TRUE
"Dorey_data_14343390","57033293","AMNH_BEE 00257646","urn:uuid:88f95c00-d8e1-11e2-99a2-0026552be7ea","SCAN_Andrenidae",TRUE,TRUE,TRUE,TRUE,TRUE,TRUE,TRUE,TRUE,FALSE,TRUE,TRUE,TRUE,TRUE,TRUE,TRUE,TRUE,TRUE,TRUE,TRUE,TRUE,TRUE,TRUE,TRUE,NA,TRUE,TRUE,TRUE,FALSE,TRUE
"Dorey_data_14345268","56689395","AMNH_BEE 00266793","urn:uuid:10858462-40e0-11e3-935e-0026552be7ea","SCAN_Andrenidae",TRUE,TRUE,TRUE,TRUE,TRUE,TRUE,TRUE,TRUE,TRUE,TRUE,TRUE,TRUE,TRUE,TRUE,TRUE,TRUE,TRUE,TRUE,TRUE,TRUE,TRUE,TRUE,TRUE,NA,TRUE,TRUE,TRUE,TRUE,TRUE
"Dorey_data_15571704","16001905","438556","3dc5a981-1ed6-11e3-bfac-90b11c41863e","SCAN_Halictidae",TRUE,TRUE,TRUE,TRUE,TRUE,TRUE,TRUE,TRUE,TRUE,TRUE,TRUE,TRUE,TRUE,TRUE,TRUE,TRUE,TRUE,TRUE,TRUE,TRUE,TRUE,TRUE,TRUE,NA,TRUE,TRUE,TRUE,TRUE,TRUE
"Dorey_data_17002494","USGS_DRO103183",NA,"USGS_DRO103183","USGS_data",TRUE,TRUE,TRUE,TRUE,TRUE,TRUE,TRUE,TRUE,TRUE,TRUE,TRUE,TRUE,TRUE,TRUE,TRUE,TRUE,TRUE,TRUE,TRUE,TRUE,TRUE,TRUE,TRUE,TRUE,TRUE,TRUE,TRUE,TRUE,TRUE
"CAES_data_6070",NA,"UCMS_ENT 00047906",NA,"CAES_Anthophila",TRUE,TRUE,TRUE,TRUE,TRUE,TRUE,TRUE,TRUE,TRUE,TRUE,TRUE,TRUE,TRUE,TRUE,TRUE,TRUE,TRUE,TRUE,TRUE,TRUE,TRUE,TRUE,TRUE,NA,TRUE,TRUE,TRUE,TRUE,TRUE
"Dorey_data_9857874",NA,"UANL-APO-554","urn:catalog:FCB-UANL:UANL:UANL-APO-554:1103be8170131e7d6ba999968e66f765","iDigBio_halictidae",TRUE,TRUE,TRUE,TRUE,TRUE,TRUE,TRUE,TRUE,TRUE,TRUE,TRUE,TRUE,TRUE,TRUE,TRUE,TRUE,TRUE,TRUE,TRUE,TRUE,TRUE,TRUE,TRUE,NA,TRUE,TRUE,TRUE,TRUE,TRUE
"Dorey_data_10991357",NA,"ASUHIC0084176","748c0310-f6db-4ba0-9d1b-f119a49ff5e2","iDigBio_apidae",TRUE,TRUE,TRUE,TRUE,TRUE,TRUE,TRUE,TRUE,FALSE,TRUE,TRUE,TRUE,TRUE,TRUE,TRUE,TRUE,TRUE,TRUE,TRUE,TRUE,TRUE,TRUE,TRUE,FALSE,TRUE,TRUE,TRUE,TRUE,TRUE
"Dorey_data_11383982",NA,"ASUHIC0084229","22dba931-f06c-4f32-9590-62305b5cfcd3","iDigBio_apidae",TRUE,TRUE,TRUE,TRUE,TRUE,TRUE,TRUE,TRUE,FALSE,TRUE,TRUE,TRUE,TRUE,TRUE,TRUE,TRUE,TRUE,TRUE,TRUE,TRUE,TRUE,TRUE,TRUE,FALSE,TRUE,TRUE,TRUE,TRUE,TRUE
"Dorey_data_12188042",NA,"ASUHIC0084150","916dbb40-db00-4c18-bdab-5eaf2c0a7e09","iDigBio_apidae",TRUE,TRUE,TRUE,TRUE,TRUE,TRUE,TRUE,TRUE,FALSE,TRUE,TRUE,TRUE,TRUE,TRUE,TRUE,TRUE,TRUE,TRUE,TRUE,TRUE,TRUE,TRUE,TRUE,FALSE,TRUE,TRUE,TRUE,TRUE,TRUE
"Dorey_data_12709277","25284791","103246",NA,"SCAN_Apidae",TRUE,TRUE,TRUE,TRUE,TRUE,TRUE,TRUE,TRUE,TRUE,TRUE,TRUE,TRUE,TRUE,TRUE,TRUE,TRUE,TRUE,TRUE,TRUE,TRUE,TRUE,TRUE,TRUE,NA,TRUE,TRUE,TRUE,TRUE,TRUE
"Dorey_data_12709426","25285516","103381",NA,"SCAN_Apidae",TRUE,TRUE,TRUE,TRUE,TRUE,TRUE,TRUE,TRUE,TRUE,TRUE,TRUE,TRUE,TRUE,TRUE,TRUE,TRUE,TRUE,TRUE,TRUE,TRUE,TRUE,TRUE,TRUE,NA,TRUE,TRUE,TRUE,TRUE,TRUE
"Dorey_data_12709973","25285096","104954",NA,"SCAN_Apidae",TRUE,TRUE,TRUE,TRUE,TRUE,TRUE,TRUE,TRUE,FALSE,TRUE,TRUE,FALSE,TRUE,TRUE,TRUE,TRUE,TRUE,TRUE,TRUE,TRUE,TRUE,TRUE,TRUE,NA,TRUE,TRUE,FALSE,TRUE,TRUE
"Dorey_data_12712072","25285038","112404",NA,"SCAN_Apidae",TRUE,TRUE,TRUE,TRUE,TRUE,TRUE,TRUE,TRUE,FALSE,TRUE,TRUE,FALSE,TRUE,TRUE,TRUE,TRUE,TRUE,TRUE,TRUE,TRUE,TRUE,TRUE,TRUE,NA,TRUE,TRUE,FALSE,TRUE,TRUE
"Dorey_data_12752810","25285292","BBSL314172",NA,"SCAN_Apidae",TRUE,TRUE,TRUE,TRUE,TRUE,TRUE,TRUE,TRUE,FALSE,TRUE,TRUE,FALSE,TRUE,TRUE,TRUE,TRUE,TRUE,TRUE,TRUE,TRUE,TRUE,TRUE,TRUE,NA,TRUE,TRUE,FALSE,TRUE,TRUE
"Dorey_data_12790035","25285712","BBSL536756",NA,"SCAN_Apidae",TRUE,TRUE,TRUE,TRUE,TRUE,TRUE,TRUE,TRUE,FALSE,TRUE,TRUE,FALSE,TRUE,TRUE,TRUE,TRUE,TRUE,TRUE,TRUE,TRUE,TRUE,TRUE,TRUE,NA,TRUE,TRUE,FALSE,TRUE,TRUE
"Dorey_data_12799851","25285755","BBSL675787",NA,"SCAN_Apidae",TRUE,TRUE,TRUE,TRUE,TRUE,TRUE,TRUE,TRUE,FALSE,TRUE,TRUE,FALSE,TRUE,TRUE,TRUE,TRUE,TRUE,TRUE,TRUE,TRUE,TRUE,TRUE,TRUE,NA,TRUE,TRUE,FALSE,TRUE,TRUE
"Dorey_data_12801835","25285491","BBSL700248",NA,"SCAN_Apidae",TRUE,TRUE,TRUE,TRUE,TRUE,TRUE,TRUE,TRUE,TRUE,TRUE,TRUE,TRUE,TRUE,TRUE,TRUE,TRUE,TRUE,TRUE,TRUE,TRUE,TRUE,TRUE,TRUE,NA,TRUE,TRUE,TRUE,TRUE,TRUE
"Dorey_data_12929480","21171627","ASUHIC0084063","22e013e3-c6a1-4e98-9b2c-f04b9b6cb1dc","SCAN_Apidae",TRUE,TRUE,TRUE,TRUE,TRUE,TRUE,TRUE,TRUE,FALSE,TRUE,TRUE,TRUE,TRUE,TRUE,TRUE,TRUE,TRUE,TRUE,TRUE,TRUE,TRUE,TRUE,TRUE,FALSE,TRUE,TRUE,TRUE,TRUE,TRUE
"Dorey_data_12929610","21302408","ASUHIC0084193","e174c7ad-fa3c-4c40-967b-dbd28af87921","SCAN_Apidae",TRUE,TRUE,TRUE,TRUE,TRUE,TRUE,TRUE,TRUE,FALSE,TRUE,TRUE,TRUE,TRUE,TRUE,TRUE,TRUE,TRUE,TRUE,TRUE,TRUE,TRUE,TRUE,TRUE,FALSE,TRUE,TRUE,TRUE,TRUE,TRUE
"Paige_data_1135936","50081951","3981242","http://conabio.inaturalist.org/observations/3981242","SCAN_Apidae",TRUE,TRUE,TRUE,TRUE,TRUE,TRUE,TRUE,TRUE,TRUE,TRUE,TRUE,TRUE,TRUE,TRUE,TRUE,TRUE,TRUE,TRUE,TRUE,TRUE,TRUE,TRUE,TRUE,NA,TRUE,TRUE,TRUE,TRUE,TRUE
"Dorey_data_13636366","56752118","AMNH_BEE 00036894","urn:uuid:83a94f6c-d8e1-11e2-99a2-0026552be7ea","SCAN_Apidae",TRUE,TRUE,TRUE,TRUE,TRUE,TRUE,TRUE,TRUE,TRUE,TRUE,TRUE,TRUE,TRUE,TRUE,TRUE,TRUE,TRUE,TRUE,TRUE,TRUE,TRUE,TRUE,TRUE,NA,TRUE,TRUE,TRUE,TRUE,TRUE
"Dorey_data_13711557","56979566","AMNH_BEE 00212009","urn:uuid:869d76bc-d8e1-11e2-99a2-0026552be7ea","SCAN_Apidae",TRUE,TRUE,TRUE,TRUE,TRUE,TRUE,TRUE,TRUE,TRUE,TRUE,TRUE,TRUE,TRUE,TRUE,TRUE,TRUE,TRUE,TRUE,TRUE,TRUE,TRUE,TRUE,TRUE,NA,TRUE,TRUE,TRUE,TRUE,TRUE
"Dorey_data_13998500","61261016","INHS Insect Collection 303006","a69e50da-2ae4-4277-8b7d-62274e797acf","SCAN_Andrenidae",TRUE,TRUE,TRUE,TRUE,TRUE,TRUE,TRUE,TRUE,FALSE,TRUE,TRUE,TRUE,TRUE,TRUE,TRUE,TRUE,TRUE,TRUE,TRUE,TRUE,TRUE,TRUE,TRUE,FALSE,TRUE,TRUE,TRUE,FALSE,TRUE
"Dorey_data_14031945","38442813","USGS_DRO084719","USGS_DRO084719","SCAN_Andrenidae",TRUE,TRUE,TRUE,TRUE,TRUE,TRUE,TRUE,TRUE,FALSE,TRUE,TRUE,TRUE,TRUE,TRUE,TRUE,TRUE,TRUE,TRUE,TRUE,TRUE,TRUE,TRUE,TRUE,FALSE,TRUE,TRUE,TRUE,TRUE,TRUE
"Dorey_data_14067908","23015338","USGS_DRO084730",NA,"SCAN_Andrenidae",TRUE,TRUE,TRUE,TRUE,TRUE,TRUE,TRUE,TRUE,FALSE,TRUE,TRUE,TRUE,TRUE,TRUE,TRUE,TRUE,TRUE,TRUE,TRUE,TRUE,TRUE,TRUE,TRUE,FALSE,TRUE,TRUE,TRUE,TRUE,TRUE
"Dorey_data_15263622","35326561","300355",NA,"SCAN_Halictidae",TRUE,TRUE,TRUE,TRUE,TRUE,TRUE,TRUE,TRUE,TRUE,TRUE,TRUE,TRUE,TRUE,TRUE,TRUE,TRUE,TRUE,TRUE,TRUE,TRUE,TRUE,TRUE,TRUE,NA,TRUE,TRUE,TRUE,TRUE,TRUE
"Dorey_data_15311456","43960132","SBV044420","e485fc9d-d970-4193-a2e4-0cacba31d682","SCAN_Halictidae",TRUE,TRUE,TRUE,TRUE,TRUE,TRUE,TRUE,TRUE,TRUE,TRUE,TRUE,TRUE,TRUE,TRUE,TRUE,TRUE,TRUE,TRUE,TRUE,TRUE,TRUE,TRUE,TRUE,NA,TRUE,TRUE,TRUE,TRUE,TRUE
"Dorey_data_15352897","56931264","AMNH_BEE 00178185","urn:uuid:85c7a0aa-d8e1-11e2-99a2-0026552be7ea","SCAN_Halictidae",TRUE,TRUE,TRUE,TRUE,TRUE,TRUE,TRUE,TRUE,TRUE,TRUE,TRUE,TRUE,TRUE,TRUE,TRUE,TRUE,TRUE,TRUE,TRUE,TRUE,TRUE,TRUE,TRUE,NA,TRUE,TRUE,TRUE,TRUE,TRUE
"Dorey_data_16072255","25651576","CAVE27607",NA,"SCAN_Halictidae",TRUE,TRUE,TRUE,TRUE,TRUE,TRUE,TRUE,TRUE,FALSE,TRUE,TRUE,FALSE,TRUE,TRUE,TRUE,TRUE,TRUE,TRUE,TRUE,TRUE,TRUE,TRUE,TRUE,NA,TRUE,TRUE,FALSE,TRUE,TRUE
"Dorey_data_16138132","43960052","SBV053660","1bb757e8-6cd9-4c62-87d6-f0223476f5fb","SCAN_Halictidae",TRUE,TRUE,TRUE,TRUE,TRUE,TRUE,TRUE,TRUE,TRUE,TRUE,TRUE,TRUE,TRUE,TRUE,TRUE,TRUE,TRUE,TRUE,TRUE,TRUE,TRUE,TRUE,TRUE,NA,TRUE,TRUE,TRUE,TRUE,TRUE
"Dorey_data_16312828","25285506","103229",NA,"SCAN_Apidae",TRUE,TRUE,TRUE,TRUE,TRUE,TRUE,TRUE,TRUE,TRUE,TRUE,TRUE,TRUE,TRUE,TRUE,TRUE,TRUE,TRUE,TRUE,TRUE,TRUE,TRUE,TRUE,TRUE,NA,TRUE,TRUE,TRUE,TRUE,TRUE
"Dorey_data_16312976","25285359","103363",NA,"SCAN_Apidae",TRUE,TRUE,TRUE,TRUE,TRUE,TRUE,TRUE,TRUE,TRUE,TRUE,TRUE,TRUE,TRUE,TRUE,TRUE,TRUE,TRUE,TRUE,TRUE,TRUE,TRUE,TRUE,TRUE,NA,TRUE,TRUE,TRUE,TRUE,TRUE
"Dorey_data_16313525","25284972","104938",NA,"SCAN_Apidae",TRUE,TRUE,TRUE,TRUE,TRUE,TRUE,TRUE,TRUE,FALSE,TRUE,TRUE,FALSE,TRUE,TRUE,TRUE,TRUE,TRUE,TRUE,TRUE,TRUE,TRUE,TRUE,TRUE,NA,TRUE,TRUE,FALSE,TRUE,TRUE
"Dorey_data_16315624","25284997","112388",NA,"SCAN_Apidae",TRUE,TRUE,TRUE,TRUE,TRUE,TRUE,TRUE,TRUE,FALSE,TRUE,TRUE,FALSE,TRUE,TRUE,TRUE,TRUE,TRUE,TRUE,TRUE,TRUE,TRUE,TRUE,TRUE,NA,TRUE,TRUE,FALSE,TRUE,TRUE
"Dorey_data_16354232","25284779","BBSL297741",NA,"SCAN_Apidae",TRUE,TRUE,TRUE,TRUE,TRUE,TRUE,TRUE,TRUE,FALSE,TRUE,TRUE,FALSE,TRUE,TRUE,TRUE,TRUE,TRUE,TRUE,TRUE,TRUE,TRUE,TRUE,TRUE,NA,TRUE,TRUE,FALSE,TRUE,TRUE
"Dorey_data_16393341","25285684","BBSL535757",NA,"SCAN_Apidae",TRUE,TRUE,TRUE,TRUE,TRUE,TRUE,TRUE,TRUE,FALSE,TRUE,TRUE,FALSE,TRUE,TRUE,TRUE,TRUE,TRUE,TRUE,TRUE,TRUE,TRUE,TRUE,TRUE,NA,TRUE,TRUE,FALSE,TRUE,TRUE
"Dorey_data_16403265","25284758","BBSL671716",NA,"SCAN_Apidae",TRUE,TRUE,TRUE,TRUE,TRUE,TRUE,TRUE,TRUE,FALSE,TRUE,TRUE,FALSE,TRUE,TRUE,TRUE,TRUE,TRUE,TRUE,TRUE,TRUE,TRUE,TRUE,TRUE,NA,TRUE,TRUE,FALSE,TRUE,TRUE
"Dorey_data_16403854","25285485","BBSL689028",NA,"SCAN_Apidae",TRUE,TRUE,TRUE,TRUE,TRUE,TRUE,TRUE,TRUE,TRUE,TRUE,TRUE,TRUE,TRUE,TRUE,TRUE,TRUE,TRUE,TRUE,TRUE,TRUE,TRUE,TRUE,TRUE,NA,TRUE,TRUE,TRUE,TRUE,TRUE
"Ecd_data_1080","ASU_352440","ASUHIC0084026","081a4ba7-9191-466d-9b3e-290edbd795bb","Ecd_Anthophila",TRUE,TRUE,TRUE,TRUE,TRUE,TRUE,TRUE,TRUE,FALSE,TRUE,TRUE,TRUE,TRUE,TRUE,TRUE,TRUE,TRUE,TRUE,TRUE,TRUE,TRUE,TRUE,TRUE,FALSE,TRUE,TRUE,TRUE,TRUE,TRUE
"Ecd_data_1210","ASU_352590","ASUHIC0084156","323f8c1c-3f7e-4cc0-9ffa-488c21d381f3","Ecd_Anthophila",TRUE,TRUE,TRUE,TRUE,TRUE,TRUE,TRUE,TRUE,FALSE,TRUE,TRUE,TRUE,TRUE,TRUE,TRUE,TRUE,TRUE,TRUE,TRUE,TRUE,TRUE,TRUE,TRUE,FALSE,TRUE,TRUE,TRUE,TRUE,TRUE
"Dorey_data_1025728",NA,"INHS Insect Collection 343145","3f3716ac-d782-40f8-93cb-17164ddb2b70","GBIF_Apidae",TRUE,TRUE,TRUE,TRUE,TRUE,TRUE,TRUE,TRUE,FALSE,TRUE,TRUE,TRUE,TRUE,TRUE,TRUE,TRUE,TRUE,TRUE,TRUE,TRUE,TRUE,TRUE,TRUE,FALSE,TRUE,TRUE,TRUE,TRUE,TRUE
"Dorey_data_1584094",NA,"112327","658711829","GBIF_Apidae",TRUE,TRUE,TRUE,TRUE,TRUE,TRUE,TRUE,TRUE,FALSE,TRUE,TRUE,FALSE,TRUE,TRUE,TRUE,TRUE,TRUE,TRUE,TRUE,TRUE,TRUE,TRUE,TRUE,NA,TRUE,TRUE,FALSE,TRUE,TRUE
"Dorey_data_8509969",NA,"INHS Insect Collection 297201","e6649bcb-1cd6-405e-b0d8-42869a078d05","GBIF_Andrenidae",TRUE,TRUE,TRUE,TRUE,TRUE,TRUE,TRUE,TRUE,FALSE,TRUE,TRUE,TRUE,TRUE,TRUE,TRUE,TRUE,TRUE,TRUE,TRUE,TRUE,TRUE,TRUE,TRUE,FALSE,TRUE,TRUE,TRUE,TRUE,TRUE
"Dorey_data_9351636",NA,"INHS Insect Collection 303038","0fa7a046-d66d-4f2f-bb28-640a772d9bca","GBIF_Andrenidae",TRUE,TRUE,TRUE,TRUE,TRUE,TRUE,TRUE,TRUE,FALSE,TRUE,TRUE,TRUE,TRUE,TRUE,TRUE,TRUE,TRUE,TRUE,TRUE,TRUE,TRUE,TRUE,TRUE,FALSE,TRUE,TRUE,TRUE,FALSE,TRUE
"Dorey_data_12845835","57129639","HYM 103257","b7786ece-7f40-4a33-bbc3-cfc6d3d87d24","SCAN_Apidae",TRUE,TRUE,TRUE,TRUE,TRUE,TRUE,TRUE,TRUE,TRUE,TRUE,TRUE,TRUE,TRUE,TRUE,TRUE,TRUE,TRUE,TRUE,TRUE,TRUE,TRUE,TRUE,TRUE,TRUE,TRUE,TRUE,TRUE,TRUE,TRUE
